년,월,업종코드,업종명,가맹점 수
2020,5,9502,법무전문서비스,5
2020,5,9906,종교시설 기부,2
2020,5,9801,각종단체회비,2
2020,5,9602,기타서비스,130
2020,5,9511,기타전문서비스,12
2020,5,9504,광고기획.대행업,4
2020,5,9503,세무전문서비스,11
2020,5,1101,양복점.한복점,14
2020,5,1104,아동.유아복,31
2020,5,1106,일반의류,479
2020,5,1107,스포츠용품점,58
2020,5,1108,모피.무스탕,1
2020,5,1110,내의류,93
2020,5,1111,교복,17
2020,5,1112,의류관련(기타),5
2020,5,1201,커튼.카펫.수건,41
2020,5,1202,침구및수예품,84
2020,5,1301,세탁업,305
2020,5,1401,기타잡화,150
2020,5,1402,시계.귀금속,55
2020,5,1403,안경.광학제품,201
2020,5,1404,구두.신발,51
2020,5,1405,가방.핸드백,10
2020,5,1407,가발,8
2020,5,1501,화장품,252
2020,5,1503,미용재료,24
2020,5,1601,이발소,18
2020,5,1602,미용실(두발전문),1197
2020,5,1701,피부.체형미관리,198
2020,5,2102,"축산물,정육점",486
2020,5,2103,"수산물,건어물",217
2020,5,2104,"농산물,청과물",472
2020,5,2105,기타식음료품,640
2020,5,2201,건강보조식품,58
2020,5,2202,인삼전문점,19
2020,5,2203,한국인삼공사,8
2020,5,2301,일반음식점,7068
2020,5,2302,중식전문점,379
2020,5,2303,일식전문점,282
2020,5,2305,서양식전문점,234
2020,5,2307,패스트푸드점,269
2020,5,2309,치킨전문점,655
2020,5,2310,식음료(기타),126
2020,5,2401,기타음식점,82
2020,5,2402,뷔페.출장연회,18
2020,5,2501,제과.제빵,367
2020,5,2502,커피전문점,1437
2020,5,2503,아이스크림전문점,39
2020,5,2601,일반주점,334
2020,5,2602,주류전문점,4
2020,5,2604,기타주점,1
2020,5,3101,가전제품,40
2020,5,3102,정수기.비데,1
2020,5,3104,기타전자제품,5
2020,5,3201,컴퓨터및소프트웨어,37
2020,5,3202,통신기기,29
2020,5,3203,"철재,사무용가구",5
2020,5,3204,기타사무용기기,10
2020,5,3301,가구판매점,105
2020,5,3302,기타가정.주방용품,129
2020,5,3303,조명기구.전기,54
2020,5,3402,"보일러,펌프,샷시",41
2020,5,3403,기타건축자재,119
2020,5,3405,실내장식(인테리어),46
2020,5,3501,중고품판매점,20
2020,5,3503,기타장비임대,55
2020,5,3504,기타수리.수선전문,102
2020,5,3601,기타부동산관련업,6
2020,5,3602,부동산중개,1
2020,5,3801,웨딩토탈서비스,8
2020,5,3802,예식장,3
2020,5,4101,종합병원,12
2020,5,4102,일반병원,36
2020,5,4103,한방병원,7
2020,5,4104,요양병원,15
2020,5,4201,치과,393
2020,5,4202,내과,251
2020,5,4203,신경정신과,55
2020,5,4204,외과,39
2020,5,4205,성형외과,21
2020,5,4206,산부인과,39
2020,5,4207,안과,42
2020,5,4208,이비인후과,63
2020,5,4209,피부과,93
2020,5,4211,기타의료업,110
2020,5,4212,한의원,310
2020,5,4214,소아과,39
2020,5,4215,정형외과,101
2020,5,4401,의약품판매,5
2020,5,4402,약국,665
2020,5,4403,한약방,18
2020,5,4501,기타약품.의료기기,56
2020,5,4601,산후조리원,9
2020,5,5101,백화점,1
2020,5,5102,대형할인점,3
2020,5,5103,기타상설할인.아울렛,2
2020,5,5201,슈퍼마켓.마트,680
2020,5,5202,편의점,1057
2020,5,5203,소비조합(구내매점),12
2020,5,5204,농수축협직판장,23
2020,5,5205,농협식품전문점,15
2020,5,5206,체인스토어,45
2020,5,5301,기타,32
2020,5,5302,기타종합소매점,56
2020,5,5402,비료.사료.종자,25
2020,5,5602,통신.방문판매,10
2020,5,6101,호텔(특급),1
2020,5,6102,호텔(특급외),9
2020,5,6103,기타숙박업소,43
2020,5,6104,레저용숙박업소,2
2020,5,6203,"수집품,기념품",3
2020,5,6204,차량임대(렌터카),3
2020,5,6205,선물용품점,3
2020,5,6402,자동차(수입신차),4
2020,5,6403,자동차(중고차),3
2020,5,6404,오토바이,8
2020,5,6501,차량부품.용품,110
2020,5,6502,자동차정비,334
2020,5,6504,타이어판매점,46
2020,5,6601,주유소,207
2020,5,6602,주유소(LPG),33
2020,5,6603,기타연료판매,13
2020,5,6701,주차장.폐차장,76
2020,5,6702,세차장,80
2020,5,7101,유치원,1
2020,5,7103,대학교.대학원,1
2020,5,7201,"입시학원,보습학원",465
2020,5,7202,외국어학원,124
2020,5,7204,무술도장 등(학원),143
2020,5,7205,예체능계열학원,224
2020,5,7210,자동차운전학원,5
2020,5,7211,기술.직업훈련학원,23
2020,5,7213,기타교육.교습.학원,470
2020,5,7301,요양.보육.복지시설,13
2020,5,7303,교육및교구,16
2020,5,8101,서적(출판),125
2020,5,8102,"문구,사무용품",161
2020,5,8104,악기판매점,13
2020,5,8105,"기타레저,스포츠용품",131
2020,5,8106,자전거,61
2020,5,8107,카메라.캠코더,2
2020,5,8109,예술품.골동품,5
2020,5,8110,화원.화초,278
2020,5,8111,"애완동물,용품(수족관)",88
2020,5,8112,기타상품판매점,93
2020,5,8113,사진관.현상소,83
2020,5,8114,점술업,1
2020,5,8115,동물병원,65
2020,5,8117,완구,13
2020,5,8119,화방.표구점,1
2020,5,8120,민예품.공예품,18
2020,5,8121,전문스포츠용품점,78
2020,5,8202,기타오락.휴식시설,40
2020,5,8203,영화.공연장,4
2020,5,8302,골프장,3
2020,5,8305,헬스클럽,72
2020,5,8308,당구장,88
2020,5,8309,골프연습장,72
2020,5,8310,기타취미.레저.스포츠,194
2020,5,8401,오락실/PC방,123
2020,5,8402,노래방,91
2020,5,8405,사우나.목욕탕.찜질방,35
2020,5,8406,기타대인서비스,13
2020,5,8501,기타요금,5
2020,5,8503,종합레저타운,5
2020,5,9204,공과금,1
2020,5,9301,이사/화물운송업,8
2020,5,9303,택배서비스,5
2020,5,9305,기타운송기구,3
2020,5,9306,창고보관업,1
2020,5,9402,판촉물.인쇄.복사,20
2020,5,9407,기계.장비(기타),13
2020,6,8203,영화.공연장,7
2020,6,1101,양복점.한복점,61
2020,6,1104,아동.유아복,46
2020,6,1106,일반의류,1164
2020,6,1107,스포츠용품점,89
2020,6,1108,모피.무스탕,1
2020,6,1110,내의류,124
2020,6,1111,교복,23
2020,6,1112,의류관련(기타),9
2020,6,1201,커튼.카펫.수건,128
2020,6,1202,침구및수예품,192
2020,6,1301,세탁업,517
2020,6,1401,기타잡화,277
2020,6,1402,시계.귀금속,163
2020,6,1403,안경.광학제품,295
2020,6,1404,구두.신발,121
2020,6,1405,가방.핸드백,29
2020,6,1407,가발,15
2020,6,1501,화장품,629
2020,6,1503,미용재료,60
2020,6,1601,이발소,38
2020,6,1602,미용실(두발전문),2257
2020,6,1701,피부.체형미관리,605
2020,6,2102,"축산물,정육점",676
2020,6,2103,"수산물,건어물",304
2020,6,2104,"농산물,청과물",680
2020,6,2105,기타식음료품,1011
2020,6,2201,건강보조식품,230
2020,6,2202,인삼전문점,36
2020,6,2203,한국인삼공사,9
2020,6,2301,일반음식점,9759
2020,6,2302,중식전문점,432
2020,6,2303,일식전문점,359
2020,6,2305,서양식전문점,281
2020,6,2307,패스트푸드점,327
2020,6,2309,치킨전문점,858
2020,6,2310,식음료(기타),203
2020,6,2401,기타음식점,108
2020,6,2402,뷔페.출장연회,19
2020,6,2501,제과.제빵,412
2020,6,2502,커피전문점,1710
2020,6,2503,아이스크림전문점,39
2020,6,2601,일반주점,579
2020,6,2602,주류전문점,9
2020,6,2604,기타주점,3
2020,6,3101,가전제품,78
2020,6,3102,정수기.비데,16
2020,6,3104,기타전자제품,24
2020,6,3201,컴퓨터및소프트웨어,118
2020,6,3202,통신기기,130
2020,6,3203,"철재,사무용가구",16
2020,6,3204,기타사무용기기,34
2020,6,3301,가구판매점,204
2020,6,3302,기타가정.주방용품,334
2020,6,3303,조명기구.전기,143
2020,6,3402,"보일러,펌프,샷시",129
2020,6,3403,기타건축자재,418
2020,6,3405,실내장식(인테리어),137
2020,6,3501,중고품판매점,46
2020,6,3503,기타장비임대,87
2020,6,3504,기타수리.수선전문,287
2020,6,3601,기타부동산관련업,14
2020,6,3602,부동산중개,3
2020,6,3801,웨딩토탈서비스,21
2020,6,3802,예식장,8
2020,6,3803,기타가례서비스,13
2020,6,4101,종합병원,14
2020,6,4102,일반병원,47
2020,6,4103,한방병원,7
2020,6,4104,요양병원,30
2020,6,4201,치과,529
2020,6,4202,내과,305
2020,6,4203,신경정신과,65
2020,6,4204,외과,46
2020,6,4205,성형외과,40
2020,6,4206,산부인과,48
2020,6,4207,안과,45
2020,6,4208,이비인후과,68
2020,6,4209,피부과,103
2020,6,4211,기타의료업,144
2020,6,4212,한의원,463
2020,6,4214,소아과,43
2020,6,4215,정형외과,108
2020,6,4401,의약품판매,16
2020,6,4402,약국,688
2020,6,4403,한약방,46
2020,6,4501,기타약품.의료기기,163
2020,6,4601,산후조리원,12
2020,6,5102,대형할인점,1
2020,6,5103,기타상설할인.아울렛,5
2020,6,5201,슈퍼마켓.마트,840
2020,6,5202,편의점,1117
2020,6,5203,소비조합(구내매점),21
2020,6,5204,농수축협직판장,37
2020,6,5205,농협식품전문점,16
2020,6,5206,체인스토어,61
2020,6,5301,기타,105
2020,6,5302,기타종합소매점,90
2020,6,5402,비료.사료.종자,36
2020,6,5501,인터넷상거래,2
2020,6,5602,통신.방문판매,125
2020,6,6101,호텔(특급),2
2020,6,6102,호텔(특급외),24
2020,6,6103,기타숙박업소,165
2020,6,6104,레저용숙박업소,2
2020,6,6201,여행사,4
2020,6,6203,"수집품,기념품",5
2020,6,6204,차량임대(렌터카),6
2020,6,6205,선물용품점,3
2020,6,6302,택시,1
2020,6,6402,자동차(수입신차),5
2020,6,6403,자동차(중고차),6
2020,6,6404,오토바이,27
2020,6,6501,차량부품.용품,280
2020,6,6502,자동차정비,785
2020,6,6504,타이어판매점,88
2020,6,6601,주유소,234
2020,6,6602,주유소(LPG),36
2020,6,6603,기타연료판매,48
2020,6,6701,주차장.폐차장,107
2020,6,6702,세차장,160
2020,6,6705,고속도로통행카드,1
2020,6,7101,유치원,18
2020,6,7103,대학교.대학원,1
2020,6,7201,"입시학원,보습학원",690
2020,6,7202,외국어학원,173
2020,6,7204,무술도장 등(학원),307
2020,6,7205,예체능계열학원,439
2020,6,7210,자동차운전학원,9
2020,6,7211,기술.직업훈련학원,69
2020,6,7213,기타교육.교습.학원,1069
2020,6,7301,요양.보육.복지시설,37
2020,6,7303,교육및교구,31
2020,6,8101,서적(출판),191
2020,6,8102,"문구,사무용품",261
2020,6,8103,비디오.음반,4
2020,6,8104,악기판매점,39
2020,6,8105,"기타레저,스포츠용품",222
2020,6,8106,자전거,79
2020,6,8107,카메라.캠코더,7
2020,6,8109,예술품.골동품,10
2020,6,8110,화원.화초,461
2020,6,8111,"애완동물,용품(수족관)",200
2020,6,8112,기타상품판매점,297
2020,6,8113,사진관.현상소,163
2020,6,8114,점술업,3
2020,6,8115,동물병원,89
2020,6,8117,완구,31
2020,6,8119,화방.표구점,7
2020,6,8120,민예품.공예품,58
2020,6,8121,전문스포츠용품점,123
2020,6,8202,기타오락.휴식시설,60
2020,6,8302,골프장,3
2020,6,8305,헬스클럽,155
2020,6,8308,당구장,201
2020,6,8309,골프연습장,146
2020,6,8310,기타취미.레저.스포츠,348
2020,6,8401,오락실/PC방,174
2020,6,8402,노래방,395
2020,6,8405,사우나.목욕탕.찜질방,55
2020,6,8406,기타대인서비스,41
2020,6,8501,기타요금,6
2020,6,8503,종합레저타운,10
2020,6,8603,안마시술소,2
2020,6,9204,공과금,1
2020,6,9207,공공편의서비스,1
2020,6,9301,이사/화물운송업,35
2020,6,9303,택배서비스,14
2020,6,9305,기타운송기구,4
2020,6,9306,창고보관업,5
2020,6,9402,판촉물.인쇄.복사,124
2020,6,9407,기계.장비(기타),45
2020,6,9502,법무전문서비스,10
2020,6,9503,세무전문서비스,9
2020,6,9504,광고기획.대행업,21
2020,6,9511,기타전문서비스,51
2020,6,9602,기타서비스,353
2020,6,9801,각종단체회비,13
2020,6,9906,종교시설 기부,6
2020,7,9503,세무전문서비스,30
2020,7,9504,광고기획.대행업,32
2020,7,9511,기타전문서비스,59
2020,7,9602,기타서비스,427
2020,7,9801,각종단체회비,23
2020,7,9906,종교시설 기부,8
2020,7,9207,공공편의서비스,2
2020,7,9301,이사/화물운송업,42
2020,7,9303,택배서비스,18
2020,7,9305,기타운송기구,6
2020,7,9306,창고보관업,6
2020,7,9402,판촉물.인쇄.복사,151
2020,7,9407,기계.장비(기타),43
2020,7,1101,양복점.한복점,78
2020,7,1104,아동.유아복,46
2020,7,1106,일반의류,1325
2020,7,1107,스포츠용품점,90
2020,7,1110,내의류,138
2020,7,1111,교복,19
2020,7,1112,의류관련(기타),9
2020,7,1201,커튼.카펫.수건,142
2020,7,1202,침구및수예품,210
2020,7,1301,세탁업,538
2020,7,1401,기타잡화,310
2020,7,1402,시계.귀금속,195
2020,7,1403,안경.광학제품,312
2020,7,1404,구두.신발,125
2020,7,1405,가방.핸드백,33
2020,7,1407,가발,23
2020,7,1501,화장품,731
2020,7,1503,미용재료,69
2020,7,1601,이발소,44
2020,7,1602,미용실(두발전문),2506
2020,7,1701,피부.체형미관리,754
2020,7,2102,"축산물,정육점",703
2020,7,2103,"수산물,건어물",317
2020,7,2104,"농산물,청과물",734
2020,7,2105,기타식음료품,1105
2020,7,2201,건강보조식품,296
2020,7,2202,인삼전문점,37
2020,7,2203,한국인삼공사,9
2020,7,2301,일반음식점,10232
2020,7,2302,중식전문점,447
2020,7,2303,일식전문점,370
2020,7,2305,서양식전문점,300
2020,7,2307,패스트푸드점,332
2020,7,2309,치킨전문점,897
2020,7,2310,식음료(기타),222
2020,7,2401,기타음식점,114
2020,7,2402,뷔페.출장연회,23
2020,7,2501,제과.제빵,415
2020,7,2502,커피전문점,1753
2020,7,2503,아이스크림전문점,40
2020,7,2601,일반주점,637
2020,7,2602,주류전문점,15
2020,7,2604,기타주점,3
2020,7,3101,가전제품,92
2020,7,3102,정수기.비데,17
2020,7,3104,기타전자제품,26
2020,7,3201,컴퓨터및소프트웨어,146
2020,7,3202,통신기기,168
2020,7,3203,"철재,사무용가구",19
2020,7,3204,기타사무용기기,33
2020,7,3301,가구판매점,234
2020,7,3302,기타가정.주방용품,398
2020,7,3303,조명기구.전기,162
2020,7,3402,"보일러,펌프,샷시",151
2020,7,3403,기타건축자재,512
2020,7,3405,실내장식(인테리어),177
2020,7,3501,중고품판매점,63
2020,7,3503,기타장비임대,97
2020,7,3504,기타수리.수선전문,311
2020,7,3601,기타부동산관련업,19
2020,7,3602,부동산중개,6
2020,7,3801,웨딩토탈서비스,16
2020,7,3802,예식장,7
2020,7,3803,기타가례서비스,12
2020,7,4101,종합병원,15
2020,7,4102,일반병원,48
2020,7,4103,한방병원,7
2020,7,4104,요양병원,31
2020,7,4201,치과,537
2020,7,4202,내과,308
2020,7,4203,신경정신과,65
2020,7,4204,외과,46
2020,7,4205,성형외과,44
2020,7,4206,산부인과,48
2020,7,4207,안과,45
2020,7,4208,이비인후과,68
2020,7,4209,피부과,103
2020,7,4211,기타의료업,141
2020,7,4212,한의원,473
2020,7,4214,소아과,46
2020,7,4215,정형외과,109
2020,7,4401,의약품판매,21
2020,7,4402,약국,696
2020,7,4403,한약방,41
2020,7,4501,기타약품.의료기기,211
2020,7,4601,산후조리원,13
2020,7,5102,대형할인점,2
2020,7,5103,기타상설할인.아울렛,6
2020,7,5201,슈퍼마켓.마트,870
2020,7,5202,편의점,1140
2020,7,5203,소비조합(구내매점),22
2020,7,5204,농수축협직판장,41
2020,7,5205,농협식품전문점,17
2020,7,5206,체인스토어,61
2020,7,5301,기타,137
2020,7,5302,기타종합소매점,87
2020,7,5402,비료.사료.종자,39
2020,7,5501,인터넷상거래,1
2020,7,5602,통신.방문판매,192
2020,7,6101,호텔(특급),2
2020,7,6102,호텔(특급외),25
2020,7,6103,기타숙박업소,210
2020,7,6104,레저용숙박업소,6
2020,7,6201,여행사,2
2020,7,6202,여행지원서비스,1
2020,7,6203,"수집품,기념품",7
2020,7,6204,차량임대(렌터카),8
2020,7,6205,선물용품점,5
2020,7,6404,오토바이,49
2020,7,6501,차량부품.용품,334
2020,7,6502,자동차정비,887
2020,7,6504,타이어판매점,109
2020,7,6601,주유소,223
2020,7,6602,주유소(LPG),36
2020,7,6603,기타연료판매,69
2020,7,6604,전기차충전소,1
2020,7,6701,주차장.폐차장,122
2020,7,6702,세차장,176
2020,7,6703,차량견인서비스,2
2020,7,6705,고속도로통행카드,1
2020,7,7101,유치원,14
2020,7,7103,대학교.대학원,1
2020,7,7201,"입시학원,보습학원",738
2020,7,7202,외국어학원,181
2020,7,7204,무술도장 등(학원),346
2020,7,7205,예체능계열학원,488
2020,7,7210,자동차운전학원,10
2020,7,7211,기술.직업훈련학원,103
2020,7,7213,기타교육.교습.학원,1233
2020,7,7301,요양.보육.복지시설,54
2020,7,7303,교육및교구,33
2020,7,8101,서적(출판),199
2020,7,8102,"문구,사무용품",276
2020,7,8103,비디오.음반,2
2020,7,8104,악기판매점,44
2020,7,8105,"기타레저,스포츠용품",228
2020,7,8106,자전거,84
2020,7,8107,카메라.캠코더,7
2020,7,8109,예술품.골동품,12
2020,7,8110,화원.화초,512
2020,7,8111,"애완동물,용품(수족관)",209
2020,7,8112,기타상품판매점,348
2020,7,8113,사진관.현상소,173
2020,7,8114,점술업,4
2020,7,9502,법무전문서비스,21
2020,7,8115,동물병원,92
2020,7,8117,완구,30
2020,7,8119,화방.표구점,11
2020,7,8120,민예품.공예품,76
2020,7,8121,전문스포츠용품점,134
2020,7,8202,기타오락.휴식시설,58
2020,7,8203,영화.공연장,9
2020,7,8302,골프장,3
2020,7,8305,헬스클럽,173
2020,7,8308,당구장,240
2020,7,8309,골프연습장,166
2020,7,8310,기타취미.레저.스포츠,392
2020,7,8401,오락실/PC방,176
2020,7,8402,노래방,551
2020,7,8405,사우나.목욕탕.찜질방,53
2020,7,8406,기타대인서비스,44
2020,7,8501,기타요금,6
2020,7,8503,종합레저타운,9
2020,7,8603,안마시술소,3
2020,7,9204,공과금,1
2020,8,9402,판촉물.인쇄.복사,125
2020,8,1101,양복점.한복점,57
2020,8,1104,아동.유아복,41
2020,8,1106,일반의류,1162
2020,8,1107,스포츠용품점,89
2020,8,1108,모피.무스탕,1
2020,8,1110,내의류,126
2020,8,1111,교복,18
2020,8,1112,의류관련(기타),8
2020,8,1201,커튼.카펫.수건,119
2020,8,1202,침구및수예품,188
2020,8,1301,세탁업,531
2020,8,1401,기타잡화,281
2020,8,1402,시계.귀금속,162
2020,8,1403,안경.광학제품,300
2020,8,1404,구두.신발,123
2020,8,1405,가방.핸드백,26
2020,8,1407,가발,23
2020,8,1501,화장품,661
2020,8,1503,미용재료,60
2020,8,1601,이발소,47
2020,8,1602,미용실(두발전문),2503
2020,8,1701,피부.체형미관리,614
2020,8,2102,"축산물,정육점",707
2020,8,2103,"수산물,건어물",304
2020,8,2104,"농산물,청과물",698
2020,8,2105,기타식음료품,1067
2020,8,2201,건강보조식품,249
2020,8,2202,인삼전문점,37
2020,8,2203,한국인삼공사,9
2020,8,2301,일반음식점,10278
2020,8,2302,중식전문점,452
2020,8,2303,일식전문점,375
2020,8,2305,서양식전문점,303
2020,8,2307,패스트푸드점,329
2020,8,2309,치킨전문점,902
2020,8,2310,식음료(기타),221
2020,8,2401,기타음식점,112
2020,8,2402,뷔페.출장연회,21
2020,8,2501,제과.제빵,416
2020,8,2502,커피전문점,1800
2020,8,2503,아이스크림전문점,41
2020,8,2601,일반주점,612
2020,8,2602,주류전문점,12
2020,8,2604,기타주점,3
2020,8,3101,가전제품,78
2020,8,3102,정수기.비데,16
2020,8,3104,기타전자제품,20
2020,8,3201,컴퓨터및소프트웨어,112
2020,8,3202,통신기기,152
2020,8,3203,"철재,사무용가구",12
2020,8,3204,기타사무용기기,26
2020,8,3301,가구판매점,193
2020,8,3302,기타가정.주방용품,344
2020,8,3303,조명기구.전기,154
2020,8,3402,"보일러,펌프,샷시",138
2020,8,3403,기타건축자재,422
2020,8,3405,실내장식(인테리어),140
2020,8,3501,중고품판매점,49
2020,8,3503,기타장비임대,106
2020,8,3504,기타수리.수선전문,274
2020,8,3601,기타부동산관련업,17
2020,8,3602,부동산중개,6
2020,8,3801,웨딩토탈서비스,15
2020,8,3802,예식장,10
2020,8,3803,기타가례서비스,9
2020,8,4101,종합병원,15
2020,8,4102,일반병원,50
2020,8,4103,한방병원,7
2020,8,4104,요양병원,32
2020,8,4201,치과,535
2020,8,4202,내과,311
2020,8,4203,신경정신과,65
2020,8,4204,외과,46
2020,8,4205,성형외과,42
2020,8,4206,산부인과,49
2020,8,4207,안과,45
2020,8,4208,이비인후과,69
2020,8,4209,피부과,102
2020,8,4211,기타의료업,146
2020,8,4212,한의원,472
2020,8,4214,소아과,46
2020,8,4215,정형외과,111
2020,8,4401,의약품판매,12
2020,8,4402,약국,696
2020,8,4403,한약방,42
2020,8,4501,기타약품.의료기기,170
2020,8,4601,산후조리원,12
2020,8,5102,대형할인점,2
2020,8,5103,기타상설할인.아울렛,4
2020,8,5201,슈퍼마켓.마트,867
2020,8,5202,편의점,1157
2020,8,5203,소비조합(구내매점),21
2020,8,5204,농수축협직판장,37
2020,8,5205,농협식품전문점,17
2020,8,5206,체인스토어,61
2020,8,5301,기타,106
2020,8,5302,기타종합소매점,91
2020,8,5402,비료.사료.종자,38
2020,8,5501,인터넷상거래,2
2020,8,5602,통신.방문판매,126
2020,8,6101,호텔(특급),2
2020,8,6102,호텔(특급외),27
2020,8,6103,기타숙박업소,206
2020,8,6104,레저용숙박업소,4
2020,8,6201,여행사,1
2020,8,6203,"수집품,기념품",3
2020,8,6204,차량임대(렌터카),6
2020,8,6205,선물용품점,4
2020,8,6302,택시,1
2020,8,6404,오토바이,41
2020,8,6501,차량부품.용품,269
2020,8,6502,자동차정비,831
2020,8,6504,타이어판매점,97
2020,8,6601,주유소,225
2020,8,6602,주유소(LPG),40
2020,8,6603,기타연료판매,48
2020,8,6701,주차장.폐차장,126
2020,8,6702,세차장,197
2020,8,6703,차량견인서비스,1
2020,8,6705,고속도로통행카드,1
2020,8,7101,유치원,13
2020,8,7103,대학교.대학원,2
2020,8,7201,"입시학원,보습학원",721
2020,8,7202,외국어학원,175
2020,8,7204,무술도장 등(학원),326
2020,8,7205,예체능계열학원,461
2020,8,7210,자동차운전학원,10
2020,8,7211,기술.직업훈련학원,78
2020,8,7213,기타교육.교습.학원,1158
2020,8,7301,요양.보육.복지시설,45
2020,8,7303,교육및교구,28
2020,8,8101,서적(출판),186
2020,8,8102,"문구,사무용품",263
2020,8,8103,비디오.음반,2
2020,8,8104,악기판매점,41
2020,8,8105,"기타레저,스포츠용품",213
2020,8,8106,자전거,81
2020,8,8107,카메라.캠코더,7
2020,8,8109,예술품.골동품,9
2020,8,8110,화원.화초,464
2020,8,8111,"애완동물,용품(수족관)",217
2020,8,8112,기타상품판매점,323
2020,8,8113,사진관.현상소,165
2020,8,8114,점술업,3
2020,8,8115,동물병원,92
2020,8,8117,완구,31
2020,8,8118,총포류,1
2020,8,8119,화방.표구점,12
2020,8,8120,민예품.공예품,63
2020,8,8121,전문스포츠용품점,131
2020,8,8202,기타오락.휴식시설,62
2020,8,8203,영화.공연장,7
2020,8,8302,골프장,3
2020,8,8305,헬스클럽,158
2020,8,8308,당구장,244
2020,8,8309,골프연습장,154
2020,8,8310,기타취미.레저.스포츠,353
2020,8,8401,오락실/PC방,179
2020,8,8402,노래방,517
2020,8,8405,사우나.목욕탕.찜질방,48
2020,8,8406,기타대인서비스,42
2020,8,8501,기타요금,6
2020,8,8503,종합레저타운,11
2020,8,8603,안마시술소,2
2020,8,9204,공과금,1
2020,8,9207,공공편의서비스,3
2020,8,9301,이사/화물운송업,16
2020,8,9303,택배서비스,19
2020,8,9305,기타운송기구,4
2020,8,9306,창고보관업,6
2020,8,9407,기계.장비(기타),32
2020,8,9502,법무전문서비스,16
2020,8,9503,세무전문서비스,5
2020,8,9504,광고기획.대행업,13
2020,8,9511,기타전문서비스,55
2020,8,9602,기타서비스,353
2020,8,9801,각종단체회비,15
2020,8,9906,종교시설 기부,7
2020,9,9502,법무전문서비스,11
2020,9,9906,종교시설 기부,4
2020,9,9801,각종단체회비,9
2020,9,9602,기타서비스,317
2020,9,9511,기타전문서비스,46
2020,9,9504,광고기획.대행업,17
2020,9,9503,세무전문서비스,4
2020,9,1101,양복점.한복점,42
2020,9,1104,아동.유아복,42
2020,9,1106,일반의류,1030
2020,9,1107,스포츠용품점,84
2020,9,1108,모피.무스탕,1
2020,9,1110,내의류,126
2020,9,1111,교복,20
2020,9,1112,의류관련(기타),7
2020,9,1201,커튼.카펫.수건,94
2020,9,1202,침구및수예품,183
2020,9,1301,세탁업,531
2020,9,1401,기타잡화,248
2020,9,1402,시계.귀금속,131
2020,9,1403,안경.광학제품,294
2020,9,1404,구두.신발,111
2020,9,1405,가방.핸드백,21
2020,9,1407,가발,16
2020,9,1501,화장품,550
2020,9,1503,미용재료,55
2020,9,1601,이발소,50
2020,9,1602,미용실(두발전문),2494
2020,9,1701,피부.체형미관리,504
2020,9,2102,"축산물,정육점",708
2020,9,2103,"수산물,건어물",314
2020,9,2104,"농산물,청과물",725
2020,9,2105,기타식음료품,1102
2020,9,2201,건강보조식품,228
2020,9,2202,인삼전문점,37
2020,9,2203,한국인삼공사,9
2020,9,2301,일반음식점,10313
2020,9,2302,중식전문점,456
2020,9,2303,일식전문점,379
2020,9,2305,서양식전문점,310
2020,9,2307,패스트푸드점,330
2020,9,2309,치킨전문점,914
2020,9,2310,식음료(기타),221
2020,9,2401,기타음식점,114
2020,9,2402,뷔페.출장연회,19
2020,9,2501,제과.제빵,417
2020,9,2502,커피전문점,1808
2020,9,2503,아이스크림전문점,41
2020,9,2601,일반주점,600
2020,9,2602,주류전문점,11
2020,9,2604,기타주점,3
2020,9,3101,가전제품,58
2020,9,3102,정수기.비데,10
2020,9,3104,기타전자제품,12
2020,9,3201,컴퓨터및소프트웨어,99
2020,9,3202,통신기기,133
2020,9,3203,"철재,사무용가구",7
2020,9,3204,기타사무용기기,23
2020,9,3301,가구판매점,158
2020,9,3302,기타가정.주방용품,346
2020,9,3303,조명기구.전기,139
2020,9,3402,"보일러,펌프,샷시",125
2020,9,3403,기타건축자재,388
2020,9,3405,실내장식(인테리어),126
2020,9,3501,중고품판매점,33
2020,9,3503,기타장비임대,118
2020,9,3504,기타수리.수선전문,232
2020,9,3601,기타부동산관련업,14
2020,9,3602,부동산중개,1
2020,9,3801,웨딩토탈서비스,11
2020,9,3802,예식장,9
2020,9,3803,기타가례서비스,4
2020,9,4101,종합병원,14
2020,9,4102,일반병원,49
2020,9,4103,한방병원,7
2020,9,4104,요양병원,31
2020,9,4201,치과,530
2020,9,4202,내과,312
2020,9,4203,신경정신과,67
2020,9,4204,외과,46
2020,9,4205,성형외과,41
2020,9,4206,산부인과,50
2020,9,4207,안과,45
2020,9,4208,이비인후과,69
2020,9,4209,피부과,106
2020,9,4211,기타의료업,143
2020,9,4212,한의원,475
2020,9,4214,소아과,47
2020,9,4215,정형외과,112
2020,9,4401,의약품판매,15
2020,9,4402,약국,704
2020,9,4403,한약방,37
2020,9,4501,기타약품.의료기기,137
2020,9,4601,산후조리원,12
2020,9,5102,대형할인점,2
2020,9,5103,기타상설할인.아울렛,4
2020,9,5201,슈퍼마켓.마트,863
2020,9,5202,편의점,1182
2020,9,5203,소비조합(구내매점),20
2020,9,5204,농수축협직판장,42
2020,9,5205,농협식품전문점,18
2020,9,5206,체인스토어,61
2020,9,5301,기타,79
2020,9,5302,기타종합소매점,85
2020,9,5402,비료.사료.종자,37
2020,9,5602,통신.방문판매,84
2020,9,6101,호텔(특급),2
2020,9,6102,호텔(특급외),25
2020,9,6103,기타숙박업소,182
2020,9,6104,레저용숙박업소,1
2020,9,6201,여행사,2
2020,9,6203,"수집품,기념품",3
2020,9,6204,차량임대(렌터카),3
2020,9,6205,선물용품점,4
2020,9,6404,오토바이,40
2020,9,6501,차량부품.용품,248
2020,9,6502,자동차정비,770
2020,9,6504,타이어판매점,93
2020,9,6601,주유소,224
2020,9,6602,주유소(LPG),40
2020,9,6603,기타연료판매,46
2020,9,6701,주차장.폐차장,125
2020,9,6702,세차장,178
2020,9,6703,차량견인서비스,2
2020,9,7101,유치원,9
2020,9,7103,대학교.대학원,1
2020,9,7201,"입시학원,보습학원",733
2020,9,7202,외국어학원,180
2020,9,7204,무술도장 등(학원),303
2020,9,7205,예체능계열학원,476
2020,9,7210,자동차운전학원,8
2020,9,7211,기술.직업훈련학원,75
2020,9,7213,기타교육.교습.학원,1163
2020,9,7301,요양.보육.복지시설,47
2020,9,7303,교육및교구,28
2020,9,8101,서적(출판),194
2020,9,8102,"문구,사무용품",262
2020,9,8103,비디오.음반,3
2020,9,8104,악기판매점,33
2020,9,8105,"기타레저,스포츠용품",207
2020,9,8106,자전거,82
2020,9,8107,카메라.캠코더,6
2020,9,8109,예술품.골동품,11
2020,9,8110,화원.화초,467
2020,9,8111,"애완동물,용품(수족관)",210
2020,9,8112,기타상품판매점,282
2020,9,8113,사진관.현상소,163
2020,9,8114,점술업,2
2020,9,8115,동물병원,90
2020,9,8117,완구,25
2020,9,8119,화방.표구점,10
2020,9,8120,민예품.공예품,56
2020,9,8121,전문스포츠용품점,122
2020,9,8202,기타오락.휴식시설,59
2020,9,8203,영화.공연장,4
2020,9,8302,골프장,3
2020,9,8305,헬스클럽,123
2020,9,8308,당구장,235
2020,9,8309,골프연습장,141
2020,9,8310,기타취미.레저.스포츠,307
2020,9,8401,오락실/PC방,179
2020,9,8402,노래방,290
2020,9,8405,사우나.목욕탕.찜질방,52
2020,9,8406,기타대인서비스,31
2020,9,8501,기타요금,5
2020,9,8503,종합레저타운,11
2020,9,8603,안마시술소,4
2020,9,9204,공과금,1
2020,9,9207,공공편의서비스,2
2020,9,9301,이사/화물운송업,11
2020,9,9303,택배서비스,20
2020,9,9305,기타운송기구,2
2020,9,9306,창고보관업,6
2020,9,9402,판촉물.인쇄.복사,120
2020,9,9407,기계.장비(기타),33
2020,10,4401,의약품판매,15
2020,10,1101,양복점.한복점,43
2020,10,1104,아동.유아복,41
2020,10,1106,일반의류,1093
2020,10,1107,스포츠용품점,85
2020,10,1108,모피.무스탕,1
2020,10,1110,내의류,122
2020,10,1111,교복,22
2020,10,1112,의류관련(기타),7
2020,10,1201,커튼.카펫.수건,105
2020,10,1202,침구및수예품,173
2020,10,1301,세탁업,541
2020,10,1401,기타잡화,252
2020,10,1402,시계.귀금속,119
2020,10,1403,안경.광학제품,297
2020,10,1404,구두.신발,116
2020,10,1405,가방.핸드백,24
2020,10,1407,가발,18
2020,10,1501,화장품,513
2020,10,1503,미용재료,51
2020,10,1601,이발소,46
2020,10,1602,미용실(두발전문),2468
2020,10,1701,피부.체형미관리,463
2020,10,2102,"축산물,정육점",697
2020,10,2103,"수산물,건어물",316
2020,10,2104,"농산물,청과물",723
2020,10,2105,기타식음료품,1109
2020,10,2201,건강보조식품,231
2020,10,2202,인삼전문점,36
2020,10,2203,한국인삼공사,9
2020,10,2301,일반음식점,10472
2020,10,2302,중식전문점,462
2020,10,2303,일식전문점,389
2020,10,2305,서양식전문점,315
2020,10,2307,패스트푸드점,329
2020,10,2309,치킨전문점,938
2020,10,2310,식음료(기타),208
2020,10,2401,기타음식점,118
2020,10,2402,뷔페.출장연회,18
2020,10,2501,제과.제빵,421
2020,10,2502,커피전문점,1841
2020,10,2503,아이스크림전문점,41
2020,10,2601,일반주점,616
2020,10,2602,주류전문점,8
2020,10,2604,기타주점,3
2020,10,3101,가전제품,57
2020,10,3102,정수기.비데,7
2020,10,3104,기타전자제품,14
2020,10,3201,컴퓨터및소프트웨어,88
2020,10,3202,통신기기,130
2020,10,3203,"철재,사무용가구",8
2020,10,3204,기타사무용기기,21
2020,10,3301,가구판매점,145
2020,10,3302,기타가정.주방용품,325
2020,10,3303,조명기구.전기,138
2020,10,3402,"보일러,펌프,샷시",118
2020,10,3403,기타건축자재,362
2020,10,3405,실내장식(인테리어),122
2020,10,3501,중고품판매점,35
2020,10,3503,기타장비임대,128
2020,10,3504,기타수리.수선전문,219
2020,10,3601,기타부동산관련업,17
2020,10,3602,부동산중개,1
2020,10,3801,웨딩토탈서비스,8
2020,10,3802,예식장,10
2020,10,3803,기타가례서비스,5
2020,10,4101,종합병원,15
2020,10,4102,일반병원,48
2020,10,4103,한방병원,8
2020,10,4104,요양병원,31
2020,10,4201,치과,528
2020,10,4202,내과,312
2020,10,4203,신경정신과,66
2020,10,4204,외과,46
2020,10,4205,성형외과,42
2020,10,4206,산부인과,49
2020,10,4207,안과,45
2020,10,4208,이비인후과,69
2020,10,4209,피부과,107
2020,10,4211,기타의료업,144
2020,10,4212,한의원,471
2020,10,4214,소아과,47
2020,10,4215,정형외과,114
2020,10,4402,약국,704
2020,10,4403,한약방,40
2020,10,4501,기타약품.의료기기,120
2020,10,4601,산후조리원,11
2020,10,5102,대형할인점,2
2020,10,5103,기타상설할인.아울렛,4
2020,10,5201,슈퍼마켓.마트,861
2020,10,5202,편의점,1207
2020,10,5203,소비조합(구내매점),18
2020,10,5204,농수축협직판장,40
2020,10,5205,농협식품전문점,18
2020,10,5206,체인스토어,59
2020,10,5301,기타,67
2020,10,5302,기타종합소매점,95
2020,10,5402,비료.사료.종자,39
2020,10,5602,통신.방문판매,84
2020,10,6101,호텔(특급),2
2020,10,6102,호텔(특급외),28
2020,10,6103,기타숙박업소,194
2020,10,6104,레저용숙박업소,2
2020,10,6201,여행사,1
2020,10,6203,"수집품,기념품",3
2020,10,6204,차량임대(렌터카),2
2020,10,6205,선물용품점,3
2020,10,6404,오토바이,41
2020,10,6501,차량부품.용품,230
2020,10,6502,자동차정비,749
2020,10,6504,타이어판매점,85
2020,10,6601,주유소,226
2020,10,6602,주유소(LPG),42
2020,10,6603,기타연료판매,54
2020,10,6701,주차장.폐차장,121
2020,10,6702,세차장,181
2020,10,6703,차량견인서비스,1
2020,10,6705,고속도로통행카드,1
2020,10,7101,유치원,13
2020,10,7103,대학교.대학원,1
2020,10,7201,"입시학원,보습학원",735
2020,10,7202,외국어학원,180
2020,10,7204,무술도장 등(학원),307
2020,10,7205,예체능계열학원,465
2020,10,7210,자동차운전학원,8
2020,10,7211,기술.직업훈련학원,56
2020,10,7213,기타교육.교습.학원,1170
2020,10,7301,요양.보육.복지시설,44
2020,10,7303,교육및교구,26
2020,10,8101,서적(출판),189
2020,10,8102,"문구,사무용품",257
2020,10,8103,비디오.음반,3
2020,10,8104,악기판매점,29
2020,10,8105,"기타레저,스포츠용품",223
2020,10,8106,자전거,75
2020,10,8107,카메라.캠코더,5
2020,10,8109,예술품.골동품,7
2020,10,8110,화원.화초,462
2020,10,8111,"애완동물,용품(수족관)",214
2020,10,8112,기타상품판매점,265
2020,10,8113,사진관.현상소,160
2020,10,8114,점술업,2
2020,10,8115,동물병원,92
2020,10,8117,완구,30
2020,10,8118,총포류,1
2020,10,8119,화방.표구점,7
2020,10,8120,민예품.공예품,54
2020,10,8121,전문스포츠용품점,121
2020,10,8202,기타오락.휴식시설,60
2020,10,8203,영화.공연장,3
2020,10,8302,골프장,3
2020,10,8305,헬스클럽,138
2020,10,8308,당구장,241
2020,10,8309,골프연습장,142
2020,10,8310,기타취미.레저.스포츠,316
2020,10,8401,오락실/PC방,182
2020,10,8402,노래방,450
2020,10,8405,사우나.목욕탕.찜질방,55
2020,10,8406,기타대인서비스,36
2020,10,8501,기타요금,5
2020,10,8503,종합레저타운,11
2020,10,8603,안마시술소,3
2020,10,9204,공과금,1
2020,10,9207,공공편의서비스,2
2020,10,9301,이사/화물운송업,10
2020,10,9303,택배서비스,17
2020,10,9305,기타운송기구,6
2020,10,9306,창고보관업,6
2020,10,9402,판촉물.인쇄.복사,116
2020,10,9407,기계.장비(기타),32
2020,10,9502,법무전문서비스,11
2020,10,9504,광고기획.대행업,10
2020,10,9511,기타전문서비스,35
2020,10,9602,기타서비스,319
2020,10,9801,각종단체회비,10
2020,10,9906,종교시설 기부,6
2020,11,1107,스포츠용품점,90
2020,11,1108,모피.무스탕,2
2020,11,1110,내의류,134
2020,11,1111,교복,23
2020,11,1112,의류관련(기타),11
2020,11,1201,커튼.카펫.수건,148
2020,11,1202,침구및수예품,214
2020,11,1301,세탁업,573
2020,11,1401,기타잡화,305
2020,11,9306,창고보관업,6
2020,11,9402,판촉물.인쇄.복사,157
2020,11,9407,기계.장비(기타),41
2020,11,9502,법무전문서비스,15
2020,11,9503,세무전문서비스,9
2020,11,9504,광고기획.대행업,26
2020,11,9511,기타전문서비스,54
2020,11,9602,기타서비스,451
2020,11,9801,각종단체회비,18
2020,11,9906,종교시설 기부,7
2020,11,1402,시계.귀금속,201
2020,11,1403,안경.광학제품,313
2020,11,1404,구두.신발,129
2020,11,1405,가방.핸드백,31
2020,11,1407,가발,25
2020,11,1501,화장품,751
2020,11,1503,미용재료,76
2020,11,1601,이발소,51
2020,11,1602,미용실(두발전문),2599
2020,11,1701,피부.체형미관리,758
2020,11,2102,"축산물,정육점",736
2020,11,2103,"수산물,건어물",348
2020,11,2104,"농산물,청과물",780
2020,11,2105,기타식음료품,1190
2020,11,2201,건강보조식품,313
2020,11,2202,인삼전문점,39
2020,11,2203,한국인삼공사,9
2020,11,2301,일반음식점,10974
2020,11,2302,중식전문점,476
2020,11,2303,일식전문점,401
2020,11,2305,서양식전문점,328
2020,11,2307,패스트푸드점,329
2020,11,2309,치킨전문점,961
2020,11,2310,식음료(기타),246
2020,11,2401,기타음식점,117
2020,11,2402,뷔페.출장연회,23
2020,11,2501,제과.제빵,435
2020,11,2502,커피전문점,1913
2020,11,2503,아이스크림전문점,43
2020,11,2601,일반주점,678
2020,11,2602,주류전문점,12
2020,11,2604,기타주점,3
2020,11,3101,가전제품,77
2020,11,3102,정수기.비데,19
2020,11,3104,기타전자제품,22
2020,11,3201,컴퓨터및소프트웨어,139
2020,11,3202,통신기기,169
2020,11,3203,"철재,사무용가구",13
2020,11,3204,기타사무용기기,34
2020,11,3301,가구판매점,215
2020,11,3302,기타가정.주방용품,401
2020,11,3303,조명기구.전기,160
2020,11,3402,"보일러,펌프,샷시",162
2020,11,3403,기타건축자재,475
2020,11,3405,실내장식(인테리어),156
2020,11,3501,중고품판매점,63
2020,11,3503,기타장비임대,143
2020,11,3504,기타수리.수선전문,325
2020,11,3601,기타부동산관련업,17
2020,11,3602,부동산중개,4
2020,11,3801,웨딩토탈서비스,20
2020,11,3802,예식장,10
2020,11,3803,기타가례서비스,10
2020,11,4101,종합병원,15
2020,11,4102,일반병원,49
2020,11,4103,한방병원,9
2020,11,4104,요양병원,31
2020,11,4201,치과,538
2020,11,4202,내과,314
2020,11,4203,신경정신과,67
2020,11,4204,외과,46
2020,11,4205,성형외과,45
2020,11,4206,산부인과,50
2020,11,4207,안과,45
2020,11,4208,이비인후과,69
2020,11,4209,피부과,107
2020,11,4211,기타의료업,144
2020,11,4212,한의원,480
2020,11,4214,소아과,47
2020,11,4215,정형외과,114
2020,11,4401,의약품판매,17
2020,11,4402,약국,705
2020,11,4403,한약방,46
2020,11,4501,기타약품.의료기기,189
2020,11,4601,산후조리원,12
2020,11,5102,대형할인점,2
2020,11,5103,기타상설할인.아울렛,4
2020,11,5201,슈퍼마켓.마트,883
2020,11,5202,편의점,1226
2020,11,5203,소비조합(구내매점),20
2020,11,5204,농수축협직판장,43
2020,11,5205,농협식품전문점,17
2020,11,5206,체인스토어,75
2020,11,5301,기타,132
2020,11,5302,기타종합소매점,100
2020,11,5402,비료.사료.종자,38
2020,11,5501,인터넷상거래,1
2020,11,5602,통신.방문판매,196
2020,11,6101,호텔(특급),2
2020,11,6102,호텔(특급외),31
2020,11,6103,기타숙박업소,231
2020,11,6104,레저용숙박업소,5
2020,11,6201,여행사,2
2020,11,6203,"수집품,기념품",2
2020,11,6204,차량임대(렌터카),6
2020,11,6205,선물용품점,5
2020,11,6302,택시,1
2020,11,6308,기타승객운송업,1
2020,11,6404,오토바이,52
2020,11,6501,차량부품.용품,313
2020,11,6502,자동차정비,915
2020,11,6504,타이어판매점,112
2020,11,6601,주유소,229
2020,11,6602,주유소(LPG),42
2020,11,6603,기타연료판매,87
2020,11,6701,주차장.폐차장,129
2020,11,6702,세차장,211
2020,11,6703,차량견인서비스,2
2020,11,6705,고속도로통행카드,1
2020,11,7101,유치원,22
2020,11,7103,대학교.대학원,2
2020,11,7201,"입시학원,보습학원",788
2020,11,7202,외국어학원,187
2020,11,7204,무술도장 등(학원),367
2020,11,7205,예체능계열학원,523
2020,11,7210,자동차운전학원,10
2020,11,7211,기술.직업훈련학원,91
2020,11,7213,기타교육.교습.학원,1381
2020,11,7301,요양.보육.복지시설,64
2020,11,7303,교육및교구,38
2020,11,8101,서적(출판),204
2020,11,8102,"문구,사무용품",270
2020,11,8103,비디오.음반,5
2020,11,8104,악기판매점,47
2020,11,8105,"기타레저,스포츠용품",240
2020,11,8106,자전거,79
2020,11,8107,카메라.캠코더,7
2020,11,8109,예술품.골동품,11
2020,11,8110,화원.화초,514
2020,11,8111,"애완동물,용품(수족관)",234
2020,11,8112,기타상품판매점,359
2020,11,8113,사진관.현상소,184
2020,11,8114,점술업,2
2020,11,8115,동물병원,94
2020,11,8117,완구,34
2020,11,8118,총포류,1
2020,11,8119,화방.표구점,9
2020,11,8120,민예품.공예품,80
2020,11,8121,전문스포츠용품점,139
2020,11,8202,기타오락.휴식시설,64
2020,11,8203,영화.공연장,10
2020,11,8302,골프장,3
2020,11,8305,헬스클럽,187
2020,11,8308,당구장,255
2020,11,8309,골프연습장,176
2020,11,8310,기타취미.레저.스포츠,425
2020,11,8401,오락실/PC방,183
2020,11,8402,노래방,636
2020,11,8405,사우나.목욕탕.찜질방,57
2020,11,8406,기타대인서비스,48
2020,11,8501,기타요금,7
2020,11,8503,종합레저타운,12
2020,11,8603,안마시술소,4
2020,11,9207,공공편의서비스,3
2020,11,9301,이사/화물운송업,23
2020,11,9303,택배서비스,17
2020,11,9305,기타운송기구,6
2020,11,1101,양복점.한복점,70
2020,11,1104,아동.유아복,45
2020,11,1106,일반의류,1409
2020,12,8401,오락실/PC방,184
2020,12,8405,사우나.목욕탕.찜질방,57
2020,12,8406,기타대인서비스,36
2020,12,8501,기타요금,5
2020,12,8503,종합레저타운,9
2020,12,9502,법무전문서비스,15
2020,12,8603,안마시술소,4
2020,12,9503,세무전문서비스,6
2020,12,9504,광고기획.대행업,24
2020,12,9511,기타전문서비스,45
2020,12,9407,기계.장비(기타),37
2020,12,9402,판촉물.인쇄.복사,152
2020,12,9306,창고보관업,6
2020,12,9305,기타운송기구,4
2020,12,9303,택배서비스,20
2020,12,9301,이사/화물운송업,17
2020,12,9602,기타서비스,360
2020,12,9801,각종단체회비,12
2020,12,9906,종교시설 기부,9
2020,12,1101,양복점.한복점,46
2020,12,1104,아동.유아복,40
2020,12,1106,일반의류,1240
2020,12,1107,스포츠용품점,84
2020,12,1108,모피.무스탕,2
2020,12,1110,내의류,128
2020,12,1111,교복,22
2020,12,1112,의류관련(기타),9
2020,12,1201,커튼.카펫.수건,130
2020,12,1202,침구및수예품,208
2020,12,1301,세탁업,576
2020,12,1401,기타잡화,282
2020,12,1402,시계.귀금속,173
2020,12,1403,안경.광학제품,310
2020,12,1404,구두.신발,119
2020,12,1405,가방.핸드백,25
2020,12,1407,가발,24
2020,12,1501,화장품,661
2020,12,1503,미용재료,65
2020,12,1601,이발소,52
2020,12,1602,미용실(두발전문),2596
2020,12,1701,피부.체형미관리,641
2020,12,2102,"축산물,정육점",740
2020,12,2103,"수산물,건어물",346
2020,12,2104,"농산물,청과물",771
2020,12,2105,기타식음료품,1156
2020,12,2201,건강보조식품,269
2020,12,2202,인삼전문점,40
2020,12,2203,한국인삼공사,9
2020,12,2301,일반음식점,10931
2020,12,2302,중식전문점,474
2020,12,2303,일식전문점,404
2020,12,2305,서양식전문점,335
2020,12,2307,패스트푸드점,333
2020,12,2309,치킨전문점,962
2020,12,2310,식음료(기타),237
2020,12,2401,기타음식점,120
2020,12,2402,뷔페.출장연회,21
2020,12,2501,제과.제빵,443
2020,12,2502,커피전문점,1932
2020,12,2503,아이스크림전문점,44
2020,12,2601,일반주점,621
2020,12,2602,주류전문점,14
2020,12,2604,기타주점,4
2020,12,3101,가전제품,78
2020,12,3102,정수기.비데,15
2020,12,3104,기타전자제품,17
2020,12,3201,컴퓨터및소프트웨어,129
2020,12,3202,통신기기,165
2020,12,3203,"철재,사무용가구",11
2020,12,3204,기타사무용기기,29
2020,12,3301,가구판매점,188
2020,12,3302,기타가정.주방용품,375
2020,12,3303,조명기구.전기,156
2020,12,3402,"보일러,펌프,샷시",141
2020,12,3403,기타건축자재,445
2020,12,3405,실내장식(인테리어),141
2020,12,3501,중고품판매점,51
2020,12,3503,기타장비임대,146
2020,12,3504,기타수리.수선전문,272
2020,12,3601,기타부동산관련업,15
2020,12,3602,부동산중개,5
2020,12,3801,웨딩토탈서비스,17
2020,12,3802,예식장,10
2020,12,3803,기타가례서비스,12
2020,12,4101,종합병원,15
2020,12,4102,일반병원,48
2020,12,4103,한방병원,10
2020,12,4104,요양병원,32
2020,12,9207,공공편의서비스,3
2020,12,4201,치과,534
2020,12,4202,내과,314
2020,12,4203,신경정신과,67
2020,12,4204,외과,46
2020,12,4205,성형외과,44
2020,12,4206,산부인과,50
2020,12,4207,안과,45
2020,12,4208,이비인후과,69
2020,12,4209,피부과,106
2020,12,4211,기타의료업,141
2020,12,4212,한의원,480
2020,12,4214,소아과,47
2020,12,4215,정형외과,114
2020,12,4401,의약품판매,14
2020,12,4402,약국,709
2020,12,4403,한약방,44
2020,12,4501,기타약품.의료기기,174
2020,12,4601,산후조리원,12
2020,12,5102,대형할인점,2
2020,12,5103,기타상설할인.아울렛,3
2020,12,5201,슈퍼마켓.마트,890
2020,12,5202,편의점,1239
2020,12,5203,소비조합(구내매점),22
2020,12,5204,농수축협직판장,41
2020,12,5205,농협식품전문점,16
2020,12,5206,체인스토어,74
2020,12,5301,기타,123
2020,12,5302,기타종합소매점,90
2020,12,5402,비료.사료.종자,34
2020,12,5501,인터넷상거래,2
2020,12,5602,통신.방문판매,146
2020,12,6101,호텔(특급),2
2020,12,6102,호텔(특급외),29
2020,12,6103,기타숙박업소,212
2020,12,6104,레저용숙박업소,2
2020,12,6202,여행지원서비스,1
2020,12,6203,"수집품,기념품",5
2020,12,6204,차량임대(렌터카),5
2020,12,6205,선물용품점,4
2020,12,6404,오토바이,45
2020,12,6501,차량부품.용품,292
2020,12,6502,자동차정비,877
2020,12,6504,타이어판매점,104
2020,12,6601,주유소,229
2020,12,6602,주유소(LPG),42
2020,12,6603,기타연료판매,88
2020,12,6701,주차장.폐차장,132
2020,12,6702,세차장,175
2020,12,6703,차량견인서비스,3
2020,12,7101,유치원,18
2020,12,7103,대학교.대학원,1
2020,12,7201,"입시학원,보습학원",789
2020,12,7202,외국어학원,189
2020,12,7204,무술도장 등(학원),340
2020,12,7205,예체능계열학원,496
2020,12,7210,자동차운전학원,8
2020,12,7211,기술.직업훈련학원,76
2020,12,7213,기타교육.교습.학원,1324
2020,12,7301,요양.보육.복지시설,61
2020,12,7303,교육및교구,29
2020,12,8101,서적(출판),200
2020,12,8102,"문구,사무용품",271
2020,12,8103,비디오.음반,4
2020,12,8104,악기판매점,40
2020,12,8105,"기타레저,스포츠용품",223
2020,12,8106,자전거,71
2020,12,8107,카메라.캠코더,7
2020,12,8109,예술품.골동품,11
2020,12,8110,화원.화초,482
2020,12,8111,"애완동물,용품(수족관)",222
2020,12,8112,기타상품판매점,353
2020,12,8113,사진관.현상소,185
2020,12,8114,점술업,3
2020,12,8115,동물병원,93
2020,12,8117,완구,34
2020,12,8119,화방.표구점,7
2020,12,8120,민예품.공예품,66
2020,12,8121,전문스포츠용품점,129
2020,12,8202,기타오락.휴식시설,59
2020,12,8203,영화.공연장,7
2020,12,8302,골프장,3
2020,12,8305,헬스클럽,156
2020,12,8308,당구장,244
2020,12,8309,골프연습장,164
2020,12,8310,기타취미.레저.스포츠,362
2020,12,8402,노래방,362
2021,1,4214,소아과,46
2021,1,1101,양복점.한복점,57
2021,1,1104,아동.유아복,41
2021,1,1106,일반의류,1166
2021,1,1107,스포츠용품점,93
2021,1,1108,모피.무스탕,2
2021,1,1110,내의류,130
2021,1,1111,교복,26
2021,1,1112,의류관련(기타),9
2021,1,1201,커튼.카펫.수건,120
2021,1,1202,침구및수예품,206
2021,1,1301,세탁업,578
2021,1,1401,기타잡화,282
2021,1,1402,시계.귀금속,175
2021,1,1403,안경.광학제품,323
2021,1,1404,구두.신발,116
2021,1,1405,가방.핸드백,28
2021,1,1407,가발,22
2021,1,1501,화장품,681
2021,1,1503,미용재료,66
2021,1,1601,이발소,56
2021,1,1602,미용실(두발전문),2652
2021,1,1701,피부.체형미관리,664
2021,1,2102,"축산물,정육점",760
2021,1,2103,"수산물,건어물",353
2021,1,2104,"농산물,청과물",772
2021,1,2105,기타식음료품,1187
2021,1,2201,건강보조식품,267
2021,1,2202,인삼전문점,40
2021,1,2203,한국인삼공사,9
2021,1,2301,일반음식점,10929
2021,1,2302,중식전문점,489
2021,1,2303,일식전문점,409
2021,1,2305,서양식전문점,339
2021,1,2307,패스트푸드점,333
2021,1,2309,치킨전문점,971
2021,1,2310,식음료(기타),238
2021,1,2401,기타음식점,123
2021,1,2402,뷔페.출장연회,22
2021,1,2501,제과.제빵,445
2021,1,2502,커피전문점,1937
2021,1,2503,아이스크림전문점,45
2021,1,2601,일반주점,538
2021,1,2602,주류전문점,12
2021,1,2604,기타주점,4
2021,1,3101,가전제품,73
2021,1,3102,정수기.비데,16
2021,1,3104,기타전자제품,16
2021,1,3201,컴퓨터및소프트웨어,137
2021,1,3202,통신기기,172
2021,1,3203,"철재,사무용가구",12
2021,1,3204,기타사무용기기,34
2021,1,3301,가구판매점,194
2021,1,3302,기타가정.주방용품,382
2021,1,3303,조명기구.전기,160
2021,1,3402,"보일러,펌프,샷시",146
2021,1,3403,기타건축자재,477
2021,1,3405,실내장식(인테리어),132
2021,1,3501,중고품판매점,49
2021,1,3503,기타장비임대,155
2021,1,3504,기타수리.수선전문,305
2021,1,3601,기타부동산관련업,12
2021,1,3602,부동산중개,6
2021,1,3801,웨딩토탈서비스,18
2021,1,3802,예식장,10
2021,1,3803,기타가례서비스,9
2021,1,4101,종합병원,15
2021,1,4102,일반병원,49
2021,1,4103,한방병원,10
2021,1,4104,요양병원,33
2021,1,4201,치과,539
2021,1,4202,내과,314
2021,1,4203,신경정신과,68
2021,1,4204,외과,47
2021,1,4205,성형외과,48
2021,1,4206,산부인과,51
2021,1,4207,안과,45
2021,1,4208,이비인후과,71
2021,1,4209,피부과,107
2021,1,4211,기타의료업,142
2021,1,4212,한의원,482
2021,1,4215,정형외과,114
2021,1,4401,의약품판매,15
2021,1,4402,약국,712
2021,1,4403,한약방,45
2021,1,4501,기타약품.의료기기,191
2021,1,4601,산후조리원,13
2021,1,5102,대형할인점,2
2021,1,5103,기타상설할인.아울렛,4
2021,1,5201,슈퍼마켓.마트,894
2021,1,5202,편의점,1242
2021,1,5203,소비조합(구내매점),20
2021,1,5204,농수축협직판장,41
2021,1,5205,농협식품전문점,18
2021,1,5206,체인스토어,65
2021,1,5301,기타,110
2021,1,5302,기타종합소매점,81
2021,1,5402,비료.사료.종자,33
2021,1,5501,인터넷상거래,2
2021,1,5602,통신.방문판매,164
2021,1,6101,호텔(특급),2
2021,1,6102,호텔(특급외),31
2021,1,6103,기타숙박업소,245
2021,1,6104,레저용숙박업소,2
2021,1,6203,"수집품,기념품",4
2021,1,6204,차량임대(렌터카),4
2021,1,6205,선물용품점,5
2021,1,6404,오토바이,48
2021,1,6501,차량부품.용품,313
2021,1,6502,자동차정비,878
2021,1,6504,타이어판매점,100
2021,1,6601,주유소,234
2021,1,6602,주유소(LPG),45
2021,1,6603,기타연료판매,93
2021,1,6701,주차장.폐차장,138
2021,1,6702,세차장,200
2021,1,6703,차량견인서비스,4
2021,1,7101,유치원,21
2021,1,7103,대학교.대학원,1
2021,1,7201,"입시학원,보습학원",801
2021,1,7202,외국어학원,192
2021,1,7204,무술도장 등(학원),365
2021,1,7205,예체능계열학원,529
2021,1,7210,자동차운전학원,10
2021,1,7211,기술.직업훈련학원,91
2021,1,7213,기타교육.교습.학원,1410
2021,1,7301,요양.보육.복지시설,62
2021,1,7303,교육및교구,31
2021,1,8101,서적(출판),203
2021,1,8102,"문구,사무용품",270
2021,1,8103,비디오.음반,4
2021,1,8104,악기판매점,43
2021,1,8105,"기타레저,스포츠용품",226
2021,1,8106,자전거,74
2021,1,8107,카메라.캠코더,5
2021,1,8109,예술품.골동품,7
2021,1,8110,화원.화초,489
2021,1,8111,"애완동물,용품(수족관)",241
2021,1,8112,기타상품판매점,364
2021,1,8113,사진관.현상소,187
2021,1,8114,점술업,3
2021,1,8115,동물병원,94
2021,1,8117,완구,30
2021,1,8119,화방.표구점,8
2021,1,8120,민예품.공예품,74
2021,1,8121,전문스포츠용품점,129
2021,1,8202,기타오락.휴식시설,61
2021,1,8203,영화.공연장,6
2021,1,8302,골프장,3
2021,1,8305,헬스클럽,169
2021,1,8308,당구장,250
2021,1,8309,골프연습장,173
2021,1,8310,기타취미.레저.스포츠,384
2021,1,8401,오락실/PC방,185
2021,1,8402,노래방,285
2021,1,8405,사우나.목욕탕.찜질방,57
2021,1,8406,기타대인서비스,43
2021,1,8501,기타요금,4
2021,1,8503,종합레저타운,9
2021,1,8603,안마시술소,3
2021,1,9207,공공편의서비스,3
2021,1,9301,이사/화물운송업,15
2021,1,9303,택배서비스,21
2021,1,9305,기타운송기구,6
2021,1,9306,창고보관업,6
2021,1,9402,판촉물.인쇄.복사,150
2021,1,9407,기계.장비(기타),49
2021,1,9502,법무전문서비스,16
2021,1,9503,세무전문서비스,21
2021,1,9504,광고기획.대행업,23
2021,1,9511,기타전문서비스,51
2021,1,9602,기타서비스,404
2021,1,9801,각종단체회비,12
2021,1,9906,종교시설 기부,11
2021,2,9502,법무전문서비스,18
2021,2,9906,종교시설 기부,12
2021,2,9801,각종단체회비,18
2021,2,9602,기타서비스,409
2021,2,9511,기타전문서비스,47
2021,2,9504,광고기획.대행업,22
2021,2,9503,세무전문서비스,18
2021,2,1101,양복점.한복점,55
2021,2,1104,아동.유아복,44
2021,2,1106,일반의류,1232
2021,2,1107,스포츠용품점,95
2021,2,1108,모피.무스탕,1
2021,2,1110,내의류,132
2021,2,1111,교복,25
2021,2,1112,의류관련(기타),9
2021,2,1201,커튼.카펫.수건,118
2021,2,1202,침구및수예품,202
2021,2,1301,세탁업,588
2021,2,1401,기타잡화,288
2021,2,1402,시계.귀금속,181
2021,2,1403,안경.광학제품,319
2021,2,1404,구두.신발,117
2021,2,1405,가방.핸드백,27
2021,2,1407,가발,25
2021,2,1501,화장품,695
2021,2,1503,미용재료,63
2021,2,1601,이발소,63
2021,2,1602,미용실(두발전문),2698
2021,2,1701,피부.체형미관리,708
2021,2,2102,"축산물,정육점",770
2021,2,2103,"수산물,건어물",351
2021,2,2104,"농산물,청과물",800
2021,2,2105,기타식음료품,1254
2021,2,2201,건강보조식품,282
2021,2,2202,인삼전문점,42
2021,2,2203,한국인삼공사,9
2021,2,2301,일반음식점,11231
2021,2,2302,중식전문점,492
2021,2,2303,일식전문점,418
2021,2,2305,서양식전문점,350
2021,2,2307,패스트푸드점,336
2021,2,2309,치킨전문점,983
2021,2,2310,식음료(기타),253
2021,2,2401,기타음식점,120
2021,2,2402,뷔페.출장연회,23
2021,2,2501,제과.제빵,446
2021,2,2502,커피전문점,1992
2021,2,2503,아이스크림전문점,45
2021,2,2601,일반주점,638
2021,2,2602,주류전문점,14
2021,2,2604,기타주점,2
2021,2,3101,가전제품,80
2021,2,3102,정수기.비데,15
2021,2,3104,기타전자제품,18
2021,2,3201,컴퓨터및소프트웨어,136
2021,2,3202,통신기기,162
2021,2,3203,"철재,사무용가구",14
2021,2,3204,기타사무용기기,32
2021,2,3301,가구판매점,202
2021,2,3302,기타가정.주방용품,409
2021,2,3303,조명기구.전기,154
2021,2,3402,"보일러,펌프,샷시",142
2021,2,3403,기타건축자재,486
2021,2,3405,실내장식(인테리어),153
2021,2,3501,중고품판매점,54
2021,2,3503,기타장비임대,162
2021,2,3504,기타수리.수선전문,319
2021,2,3601,기타부동산관련업,18
2021,2,3602,부동산중개,8
2021,2,3801,웨딩토탈서비스,17
2021,2,3802,예식장,10
2021,2,3803,기타가례서비스,9
2021,2,4101,종합병원,15
2021,2,4102,일반병원,49
2021,2,4103,한방병원,10
2021,2,4104,요양병원,32
2021,2,4201,치과,537
2021,2,4202,내과,318
2021,2,4203,신경정신과,67
2021,2,4204,외과,46
2021,2,4205,성형외과,46
2021,2,4206,산부인과,51
2021,2,4207,안과,45
2021,2,4208,이비인후과,71
2021,2,4209,피부과,108
2021,2,4211,기타의료업,143
2021,2,4212,한의원,482
2021,2,4214,소아과,46
2021,2,4215,정형외과,115
2021,2,4401,의약품판매,15
2021,2,4402,약국,713
2021,2,4403,한약방,48
2021,2,4501,기타약품.의료기기,183
2021,2,4601,산후조리원,13
2021,2,5102,대형할인점,2
2021,2,5103,기타상설할인.아울렛,3
2021,2,5201,슈퍼마켓.마트,900
2021,2,5202,편의점,1252
2021,2,5203,소비조합(구내매점),19
2021,2,5204,농수축협직판장,42
2021,2,5205,농협식품전문점,18
2021,2,5206,체인스토어,67
2021,2,5301,기타,126
2021,2,5302,기타종합소매점,86
2021,2,5402,비료.사료.종자,36
2021,2,5501,인터넷상거래,1
2021,2,5602,통신.방문판매,171
2021,2,6101,호텔(특급),2
2021,2,6102,호텔(특급외),28
2021,2,6103,기타숙박업소,240
2021,2,6104,레저용숙박업소,2
2021,2,6201,여행사,1
2021,2,6203,"수집품,기념품",6
2021,2,6204,차량임대(렌터카),2
2021,2,6205,선물용품점,5
2021,2,6302,택시,1
2021,2,6404,오토바이,45
2021,2,6501,차량부품.용품,298
2021,2,6502,자동차정비,874
2021,2,6504,타이어판매점,101
2021,2,6601,주유소,236
2021,2,6602,주유소(LPG),45
2021,2,6603,기타연료판매,95
2021,2,6701,주차장.폐차장,142
2021,2,6702,세차장,204
2021,2,6703,차량견인서비스,3
2021,2,6705,고속도로통행카드,1
2021,2,7101,유치원,16
2021,2,7103,대학교.대학원,2
2021,2,7201,"입시학원,보습학원",809
2021,2,7202,외국어학원,189
2021,2,7204,무술도장 등(학원),382
2021,2,7205,예체능계열학원,536
2021,2,7210,자동차운전학원,11
2021,2,7211,기술.직업훈련학원,96
2021,2,7213,기타교육.교습.학원,1464
2021,2,7301,요양.보육.복지시설,65
2021,2,7303,교육및교구,33
2021,2,8101,서적(출판),201
2021,2,8102,"문구,사무용품",278
2021,2,8103,비디오.음반,5
2021,2,8104,악기판매점,39
2021,2,8105,"기타레저,스포츠용품",244
2021,2,8106,자전거,80
2021,2,8107,카메라.캠코더,7
2021,2,8109,예술품.골동품,7
2021,2,8110,화원.화초,542
2021,2,8111,"애완동물,용품(수족관)",242
2021,2,8112,기타상품판매점,361
2021,2,8113,사진관.현상소,197
2021,2,8114,점술업,3
2021,2,8115,동물병원,94
2021,2,8117,완구,29
2021,2,8119,화방.표구점,9
2021,2,8120,민예품.공예품,76
2021,2,8121,전문스포츠용품점,142
2021,2,8202,기타오락.휴식시설,65
2021,2,8203,영화.공연장,6
2021,2,8302,골프장,3
2021,2,8305,헬스클럽,179
2021,2,8308,당구장,266
2021,2,8309,골프연습장,173
2021,2,8310,기타취미.레저.스포츠,406
2021,2,8401,오락실/PC방,187
2021,2,8402,노래방,572
2021,2,8405,사우나.목욕탕.찜질방,58
2021,2,8406,기타대인서비스,49
2021,2,8501,기타요금,5
2021,2,8503,종합레저타운,10
2021,2,8603,안마시술소,5
2021,2,9207,공공편의서비스,3
2021,2,9301,이사/화물운송업,23
2021,2,9303,택배서비스,20
2021,2,9305,기타운송기구,6
2021,2,9306,창고보관업,6
2021,2,9402,판촉물.인쇄.복사,147
2021,2,9407,기계.장비(기타),46
2021,3,8120,민예품.공예품,73
2021,3,1101,양복점.한복점,66
2021,3,1104,아동.유아복,54
2021,3,1106,일반의류,1383
2021,3,1107,스포츠용품점,92
2021,3,1108,모피.무스탕,1
2021,3,1110,내의류,135
2021,3,1111,교복,26
2021,3,1112,의류관련(기타),10
2021,3,1201,커튼.카펫.수건,122
2021,3,1202,침구및수예품,198
2021,3,1301,세탁업,612
2021,3,1401,기타잡화,303
2021,3,1402,시계.귀금속,188
2021,3,1403,안경.광학제품,328
2021,3,1404,구두.신발,127
2021,3,1405,가방.핸드백,27
2021,3,1407,가발,27
2021,3,1501,화장품,717
2021,3,1503,미용재료,63
2021,3,1601,이발소,62
2021,3,1602,미용실(두발전문),2725
2021,3,1701,피부.체형미관리,755
2021,3,2102,"축산물,정육점",762
2021,3,2103,"수산물,건어물",356
2021,3,2104,"농산물,청과물",809
2021,3,2105,기타식음료품,1252
2021,3,2201,건강보조식품,295
2021,3,2202,인삼전문점,43
2021,3,2203,한국인삼공사,9
2021,3,2301,일반음식점,11526
2021,3,2302,중식전문점,508
2021,3,2303,일식전문점,429
2021,3,2305,서양식전문점,357
2021,3,2307,패스트푸드점,335
2021,3,2309,치킨전문점,1008
2021,3,2310,식음료(기타),262
2021,3,2401,기타음식점,134
2021,3,2402,뷔페.출장연회,26
2021,3,2501,제과.제빵,457
2021,3,2502,커피전문점,2059
2021,3,2503,아이스크림전문점,45
2021,3,2601,일반주점,683
2021,3,2602,주류전문점,12
2021,3,2604,기타주점,4
2021,3,3101,가전제품,82
2021,3,3102,정수기.비데,13
2021,3,3104,기타전자제품,17
2021,3,3201,컴퓨터및소프트웨어,125
2021,3,3202,통신기기,166
2021,3,3203,"철재,사무용가구",14
2021,3,3204,기타사무용기기,39
2021,3,3301,가구판매점,191
2021,3,3302,기타가정.주방용품,401
2021,3,3303,조명기구.전기,156
2021,3,3402,"보일러,펌프,샷시",145
2021,3,3403,기타건축자재,470
2021,3,3405,실내장식(인테리어),155
2021,3,3501,중고품판매점,60
2021,3,3503,기타장비임대,170
2021,3,3504,기타수리.수선전문,317
2021,3,3601,기타부동산관련업,17
2021,3,3602,부동산중개,3
2021,3,3801,웨딩토탈서비스,16
2021,3,3802,예식장,10
2021,3,3803,기타가례서비스,9
2021,3,4101,종합병원,15
2021,3,4102,일반병원,48
2021,3,4103,한방병원,10
2021,3,4104,요양병원,32
2021,3,4201,치과,540
2021,3,4202,내과,320
2021,3,4203,신경정신과,69
2021,3,4204,외과,46
2021,3,4205,성형외과,46
2021,3,4206,산부인과,51
2021,3,4207,안과,45
2021,3,4208,이비인후과,71
2021,3,4209,피부과,108
2021,3,4211,기타의료업,143
2021,3,4212,한의원,490
2021,3,4214,소아과,46
2021,3,4215,정형외과,116
2021,3,4401,의약품판매,15
2021,3,4402,약국,714
2021,3,4403,한약방,44
2021,3,4501,기타약품.의료기기,183
2021,3,4601,산후조리원,13
2021,3,5102,대형할인점,2
2021,3,5103,기타상설할인.아울렛,3
2021,3,5201,슈퍼마켓.마트,910
2021,3,5202,편의점,1299
2021,3,5203,소비조합(구내매점),23
2021,3,5204,농수축협직판장,42
2021,3,5205,농협식품전문점,19
2021,3,5206,체인스토어,67
2021,3,5301,기타,121
2021,3,5302,기타종합소매점,102
2021,3,5402,비료.사료.종자,41
2021,3,5501,인터넷상거래,1
2021,3,5602,통신.방문판매,166
2021,3,6101,호텔(특급),2
2021,3,6102,호텔(특급외),31
2021,3,6103,기타숙박업소,245
2021,3,6104,레저용숙박업소,1
2021,3,6201,여행사,3
2021,3,6203,"수집품,기념품",4
2021,3,6204,차량임대(렌터카),2
2021,3,6205,선물용품점,5
2021,3,6404,오토바이,47
2021,3,6501,차량부품.용품,282
2021,3,6502,자동차정비,869
2021,3,6504,타이어판매점,108
2021,3,6601,주유소,236
2021,3,6602,주유소(LPG),47
2021,3,6603,기타연료판매,85
2021,3,6701,주차장.폐차장,149
2021,3,6702,세차장,200
2021,3,6703,차량견인서비스,4
2021,3,6705,고속도로통행카드,1
2021,3,7101,유치원,27
2021,3,7103,대학교.대학원,2
2021,3,7201,"입시학원,보습학원",815
2021,3,7202,외국어학원,194
2021,3,7204,무술도장 등(학원),378
2021,3,7205,예체능계열학원,536
2021,3,7210,자동차운전학원,10
2021,3,7211,기술.직업훈련학원,96
2021,3,7213,기타교육.교습.학원,1505
2021,3,7301,요양.보육.복지시설,62
2021,3,7303,교육및교구,30
2021,3,8101,서적(출판),211
2021,3,8102,"문구,사무용품",287
2021,3,8103,비디오.음반,4
2021,3,8104,악기판매점,40
2021,3,8105,"기타레저,스포츠용품",239
2021,3,8106,자전거,86
2021,3,8107,카메라.캠코더,6
2021,3,8109,예술품.골동품,9
2021,3,8110,화원.화초,540
2021,3,8111,"애완동물,용품(수족관)",239
2021,3,8112,기타상품판매점,346
2021,3,8113,사진관.현상소,199
2021,3,8114,점술업,5
2021,3,8115,동물병원,95
2021,3,8117,완구,34
2021,3,8119,화방.표구점,9
2021,3,8121,전문스포츠용품점,144
2021,3,8202,기타오락.휴식시설,66
2021,3,8203,영화.공연장,6
2021,3,8302,골프장,3
2021,3,8305,헬스클럽,179
2021,3,8308,당구장,271
2021,3,8309,골프연습장,186
2021,3,8310,기타취미.레저.스포츠,425
2021,3,8401,오락실/PC방,188
2021,3,8402,노래방,693
2021,3,8405,사우나.목욕탕.찜질방,59
2021,3,8406,기타대인서비스,47
2021,3,8501,기타요금,6
2021,3,8503,종합레저타운,11
2021,3,8603,안마시술소,4
2021,3,9207,공공편의서비스,3
2021,3,9301,이사/화물운송업,13
2021,3,9303,택배서비스,20
2021,3,9305,기타운송기구,7
2021,3,9306,창고보관업,6
2021,3,9402,판촉물.인쇄.복사,157
2021,3,9407,기계.장비(기타),39
2021,3,9502,법무전문서비스,19
2021,3,9503,세무전문서비스,8
2021,3,9504,광고기획.대행업,22
2021,3,9511,기타전문서비스,47
2021,3,9602,기타서비스,437
2021,3,9801,각종단체회비,16
2021,3,9906,종교시설 기부,11
2021,4,9503,세무전문서비스,6
2021,4,9504,광고기획.대행업,20
2021,4,9511,기타전문서비스,55
2021,4,9602,기타서비스,433
2021,4,9801,각종단체회비,13
2021,4,9906,종교시설 기부,9
2021,4,9207,공공편의서비스,69
2021,4,9301,이사/화물운송업,11
2021,4,9303,택배서비스,19
2021,4,9305,기타운송기구,6
2021,4,9306,창고보관업,6
2021,4,9402,판촉물.인쇄.복사,150
2021,4,9407,기계.장비(기타),40
2021,4,1101,양복점.한복점,59
2021,4,1104,아동.유아복,48
2021,4,1106,일반의류,1412
2021,4,1107,스포츠용품점,95
2021,4,1108,모피.무스탕,1
2021,4,1110,내의류,132
2021,4,1111,교복,26
2021,4,1112,의류관련(기타),11
2021,4,1201,커튼.카펫.수건,121
2021,4,1202,침구및수예품,197
2021,4,1301,세탁업,629
2021,4,1401,기타잡화,321
2021,4,1402,시계.귀금속,197
2021,4,1403,안경.광학제품,327
2021,4,1404,구두.신발,127
2021,4,1405,가방.핸드백,33
2021,4,1407,가발,25
2021,4,1501,화장품,712
2021,4,1503,미용재료,64
2021,4,1601,이발소,64
2021,4,1602,미용실(두발전문),2756
2021,4,1701,피부.체형미관리,727
2021,4,2102,"축산물,정육점",778
2021,4,2103,"수산물,건어물",357
2021,4,2104,"농산물,청과물",829
2021,4,2105,기타식음료품,1305
2021,4,2201,건강보조식품,279
2021,4,2202,인삼전문점,41
2021,4,2203,한국인삼공사,9
2021,4,2301,일반음식점,11687
2021,4,2302,중식전문점,526
2021,4,2303,일식전문점,448
2021,4,2305,서양식전문점,365
2021,4,2307,패스트푸드점,340
2021,4,2309,치킨전문점,1029
2021,4,2310,식음료(기타),260
2021,4,2401,기타음식점,135
2021,4,2402,뷔페.출장연회,23
2021,4,2501,제과.제빵,468
2021,4,2502,커피전문점,2095
2021,4,2503,아이스크림전문점,45
2021,4,2601,일반주점,659
2021,4,2602,주류전문점,12
2021,4,2604,기타주점,3
2021,4,3101,가전제품,74
2021,4,3102,정수기.비데,14
2021,4,3104,기타전자제품,23
2021,4,3201,컴퓨터및소프트웨어,118
2021,4,3202,통신기기,181
2021,4,3203,"철재,사무용가구",14
2021,4,3204,기타사무용기기,37
2021,4,3301,가구판매점,191
2021,4,3302,기타가정.주방용품,396
2021,4,3303,조명기구.전기,156
2021,4,3402,"보일러,펌프,샷시",132
2021,4,3403,기타건축자재,478
2021,4,3405,실내장식(인테리어),159
2021,4,3501,중고품판매점,47
2021,4,3503,기타장비임대,174
2021,4,3504,기타수리.수선전문,327
2021,4,3601,기타부동산관련업,19
2021,4,3602,부동산중개,4
2021,4,3801,웨딩토탈서비스,16
2021,4,3802,예식장,10
2021,4,3803,기타가례서비스,9
2021,4,4101,종합병원,14
2021,4,4102,일반병원,49
2021,4,4103,한방병원,10
2021,4,4104,요양병원,33
2021,4,4201,치과,541
2021,4,4202,내과,321
2021,4,4203,신경정신과,71
2021,4,4204,외과,46
2021,4,4205,성형외과,47
2021,4,4206,산부인과,51
2021,4,4207,안과,45
2021,4,4208,이비인후과,71
2021,4,4209,피부과,109
2021,4,4211,기타의료업,144
2021,4,4212,한의원,490
2021,4,4214,소아과,46
2021,4,4215,정형외과,118
2021,4,4401,의약품판매,18
2021,4,4402,약국,722
2021,4,4403,한약방,42
2021,4,4501,기타약품.의료기기,187
2021,4,4601,산후조리원,13
2021,4,5102,대형할인점,1
2021,4,5103,기타상설할인.아울렛,3
2021,4,5201,슈퍼마켓.마트,915
2021,4,5202,편의점,1315
2021,4,5203,소비조합(구내매점),22
2021,4,5204,농수축협직판장,42
2021,4,5205,농협식품전문점,18
2021,4,5206,체인스토어,68
2021,4,5301,기타,108
2021,4,5302,기타종합소매점,106
2021,4,5402,비료.사료.종자,40
2021,4,5501,인터넷상거래,1
2021,4,5602,통신.방문판매,174
2021,4,6101,호텔(특급),2
2021,4,6102,호텔(특급외),30
2021,4,6103,기타숙박업소,267
2021,4,6104,레저용숙박업소,2
2021,4,6201,여행사,2
2021,4,6203,"수집품,기념품",3
2021,4,6204,차량임대(렌터카),4
2021,4,6205,선물용품점,5
2021,4,6404,오토바이,49
2021,4,6501,차량부품.용품,304
2021,4,6502,자동차정비,884
2021,4,6504,타이어판매점,103
2021,4,6601,주유소,237
2021,4,6602,주유소(LPG),46
2021,4,6603,기타연료판매,80
2021,4,6701,주차장.폐차장,142
2021,4,6702,세차장,190
2021,4,6703,차량견인서비스,1
2021,4,7101,유치원,29
2021,4,7103,대학교.대학원,1
2021,4,7201,"입시학원,보습학원",818
2021,4,7202,외국어학원,195
2021,4,7204,무술도장 등(학원),379
2021,4,7205,예체능계열학원,534
2021,4,7210,자동차운전학원,12
2021,4,7211,기술.직업훈련학원,83
2021,4,7213,기타교육.교습.학원,1520
2021,4,7301,요양.보육.복지시설,67
2021,4,7303,교육및교구,35
2021,4,8101,서적(출판),206
2021,4,8102,"문구,사무용품",278
2021,4,8103,비디오.음반,3
2021,4,8104,악기판매점,39
2021,4,8105,"기타레저,스포츠용품",245
2021,4,8106,자전거,84
2021,4,8107,카메라.캠코더,5
2021,4,8109,예술품.골동품,11
2021,4,8110,화원.화초,555
2021,4,8111,"애완동물,용품(수족관)",255
2021,4,9502,법무전문서비스,21
2021,4,8112,기타상품판매점,349
2021,4,8113,사진관.현상소,189
2021,4,8114,점술업,5
2021,4,8115,동물병원,95
2021,4,8117,완구,29
2021,4,8119,화방.표구점,10
2021,4,8120,민예품.공예품,71
2021,4,8121,전문스포츠용품점,147
2021,4,8202,기타오락.휴식시설,70
2021,4,8203,영화.공연장,7
2021,4,8302,골프장,3
2021,4,8305,헬스클럽,180
2021,4,8308,당구장,272
2021,4,8309,골프연습장,178
2021,4,8310,기타취미.레저.스포츠,430
2021,4,8401,오락실/PC방,187
2021,4,8402,노래방,494
2021,4,8405,사우나.목욕탕.찜질방,58
2021,4,8406,기타대인서비스,50
2021,4,8501,기타요금,5
2021,4,8503,종합레저타운,9
2021,4,8603,안마시술소,4
2021,5,9502,법무전문서비스,17
2021,5,1101,양복점.한복점,80
2021,5,1104,아동.유아복,54
2021,5,1106,일반의류,1536
2021,5,1107,스포츠용품점,98
2021,5,1108,모피.무스탕,1
2021,5,1110,내의류,141
2021,5,1111,교복,25
2021,5,1112,의류관련(기타),11
2021,5,1201,커튼.카펫.수건,139
2021,5,1202,침구및수예품,227
2021,5,1301,세탁업,644
2021,5,1401,기타잡화,331
2021,5,1402,시계.귀금속,218
2021,5,1403,안경.광학제품,335
2021,5,1404,구두.신발,135
2021,5,1405,가방.핸드백,36
2021,5,1407,가발,27
2021,5,1501,화장품,828
2021,5,1503,미용재료,73
2021,5,1601,이발소,66
2021,5,1602,미용실(두발전문),2814
2021,5,1701,피부.체형미관리,910
2021,5,2102,"축산물,정육점",793
2021,5,2103,"수산물,건어물",367
2021,5,2104,"농산물,청과물",845
2021,5,2105,기타식음료품,1369
2021,5,2201,건강보조식품,307
2021,5,2202,인삼전문점,45
2021,5,2203,한국인삼공사,9
2021,5,2301,일반음식점,12018
2021,5,2302,중식전문점,543
2021,5,2303,일식전문점,452
2021,5,2305,서양식전문점,381
2021,5,2307,패스트푸드점,339
2021,5,2309,치킨전문점,1045
2021,5,2310,식음료(기타),272
2021,5,2401,기타음식점,134
2021,5,2402,뷔페.출장연회,24
2021,5,2501,제과.제빵,478
2021,5,2502,커피전문점,2174
2021,5,2503,아이스크림전문점,46
2021,5,2601,일반주점,710
2021,5,2602,주류전문점,12
2021,5,2603,단란주점,1
2021,5,2604,기타주점,4
2021,5,3101,가전제품,87
2021,5,3102,정수기.비데,17
2021,5,3104,기타전자제품,26
2021,5,3201,컴퓨터및소프트웨어,139
2021,5,3202,통신기기,180
2021,5,3203,"철재,사무용가구",18
2021,5,3204,기타사무용기기,42
2021,5,3301,가구판매점,222
2021,5,3302,기타가정.주방용품,409
2021,5,3303,조명기구.전기,167
2021,5,3402,"보일러,펌프,샷시",158
2021,5,3403,기타건축자재,535
2021,5,3405,실내장식(인테리어),171
2021,5,3501,중고품판매점,65
2021,5,3503,기타장비임대,184
2021,5,3504,기타수리.수선전문,390
2021,5,3601,기타부동산관련업,19
2021,5,3602,부동산중개,6
2021,5,3801,웨딩토탈서비스,20
2021,5,3802,예식장,9
2021,5,3803,기타가례서비스,8
2021,5,4101,종합병원,15
2021,5,4102,일반병원,48
2021,5,4103,한방병원,10
2021,5,4104,요양병원,33
2021,5,4201,치과,544
2021,5,4202,내과,323
2021,5,4203,신경정신과,73
2021,5,4204,외과,46
2021,5,4205,성형외과,47
2021,5,4206,산부인과,51
2021,5,4207,안과,46
2021,5,4208,이비인후과,71
2021,5,4209,피부과,109
2021,5,4211,기타의료업,144
2021,5,4212,한의원,493
2021,5,4214,소아과,46
2021,5,4215,정형외과,118
2021,5,4401,의약품판매,17
2021,5,4402,약국,727
2021,5,4403,한약방,51
2021,5,4501,기타약품.의료기기,217
2021,5,4601,산후조리원,13
2021,5,5102,대형할인점,1
2021,5,5103,기타상설할인.아울렛,3
2021,5,5201,슈퍼마켓.마트,919
2021,5,5202,편의점,1347
2021,5,5203,소비조합(구내매점),21
2021,5,5204,농수축협직판장,42
2021,5,5205,농협식품전문점,19
2021,5,5206,체인스토어,70
2021,5,5301,기타,147
2021,5,5302,기타종합소매점,105
2021,5,5402,비료.사료.종자,41
2021,5,5501,인터넷상거래,2
2021,5,5602,통신.방문판매,213
2021,5,6101,호텔(특급),2
2021,5,6102,호텔(특급외),32
2021,5,6103,기타숙박업소,268
2021,5,6104,레저용숙박업소,4
2021,5,6201,여행사,5
2021,5,6202,여행지원서비스,1
2021,5,6203,"수집품,기념품",4
2021,5,6204,차량임대(렌터카),5
2021,5,6205,선물용품점,4
2021,5,6404,오토바이,54
2021,5,6501,차량부품.용품,337
2021,5,6502,자동차정비,948
2021,5,6504,타이어판매점,109
2021,5,6601,주유소,234
2021,5,6602,주유소(LPG),46
2021,5,6603,기타연료판매,91
2021,5,6701,주차장.폐차장,149
2021,5,6702,세차장,211
2021,5,6703,차량견인서비스,3
2021,5,6705,고속도로통행카드,1
2021,5,7101,유치원,35
2021,5,7103,대학교.대학원,1
2021,5,7201,"입시학원,보습학원",837
2021,5,7202,외국어학원,196
2021,5,7204,무술도장 등(학원),400
2021,5,7205,예체능계열학원,566
2021,5,7210,자동차운전학원,11
2021,5,7211,기술.직업훈련학원,93
2021,5,7213,기타교육.교습.학원,1615
2021,5,7301,요양.보육.복지시설,70
2021,5,7303,교육및교구,39
2021,5,8101,서적(출판),215
2021,5,8102,"문구,사무용품",288
2021,5,8103,비디오.음반,4
2021,5,8104,악기판매점,47
2021,5,8105,"기타레저,스포츠용품",252
2021,5,8106,자전거,87
2021,5,8107,카메라.캠코더,7
2021,5,8109,예술품.골동품,13
2021,5,8110,화원.화초,591
2021,5,8111,"애완동물,용품(수족관)",266
2021,5,8112,기타상품판매점,395
2021,5,8113,사진관.현상소,208
2021,5,8114,점술업,5
2021,5,8115,동물병원,96
2021,5,8117,완구,33
2021,5,8118,총포류,1
2021,5,8119,화방.표구점,13
2021,5,8120,민예품.공예품,89
2021,5,8121,전문스포츠용품점,156
2021,5,8202,기타오락.휴식시설,73
2021,5,8203,영화.공연장,8
2021,5,8302,골프장,3
2021,5,8305,헬스클럽,195
2021,5,8308,당구장,289
2021,5,8309,골프연습장,199
2021,5,8310,기타취미.레저.스포츠,472
2021,5,8401,오락실/PC방,187
2021,5,8402,노래방,730
2021,5,8405,사우나.목욕탕.찜질방,61
2021,5,8406,기타대인서비스,50
2021,5,8501,기타요금,7
2021,5,8503,종합레저타운,11
2021,5,8603,안마시술소,4
2021,5,9207,공공편의서비스,71
2021,5,9301,이사/화물운송업,20
2021,5,9303,택배서비스,19
2021,5,9305,기타운송기구,8
2021,5,9306,창고보관업,6
2021,5,9402,판촉물.인쇄.복사,166
2021,5,9407,기계.장비(기타),52
2021,5,9503,세무전문서비스,52
2021,5,9504,광고기획.대행업,33
2021,5,9511,기타전문서비스,62
2021,5,9602,기타서비스,512
2021,5,9801,각종단체회비,21
2021,5,9906,종교시설 기부,11
2021,6,9502,법무전문서비스,19
2021,6,9906,종교시설 기부,10
2021,6,9801,각종단체회비,20
2021,6,9602,기타서비스,475
2021,6,9511,기타전문서비스,60
2021,6,9504,광고기획.대행업,32
2021,6,9503,세무전문서비스,18
2021,6,1101,양복점.한복점,69
2021,6,1104,아동.유아복,53
2021,6,1106,일반의류,1537
2021,6,1107,스포츠용품점,99
2021,6,1108,모피.무스탕,1
2021,6,1110,내의류,141
2021,6,1111,교복,25
2021,6,1112,의류관련(기타),11
2021,6,1201,커튼.카펫.수건,138
2021,6,1202,침구및수예품,215
2021,6,1301,세탁업,643
2021,6,1401,기타잡화,334
2021,6,1402,시계.귀금속,205
2021,6,1403,안경.광학제품,336
2021,6,1404,구두.신발,139
2021,6,1405,가방.핸드백,38
2021,6,1407,가발,28
2021,6,1501,화장품,770
2021,6,1503,미용재료,69
2021,6,1601,이발소,68
2021,6,1602,미용실(두발전문),2827
2021,6,1701,피부.체형미관리,867
2021,6,2102,"축산물,정육점",792
2021,6,2103,"수산물,건어물",372
2021,6,2104,"농산물,청과물",858
2021,6,2105,기타식음료품,1380
2021,6,2201,건강보조식품,322
2021,6,2202,인삼전문점,43
2021,6,2203,한국인삼공사,9
2021,6,2301,일반음식점,12138
2021,6,2302,중식전문점,566
2021,6,2303,일식전문점,456
2021,6,2305,서양식전문점,388
2021,6,2307,패스트푸드점,342
2021,6,2309,치킨전문점,1064
2021,6,2310,식음료(기타),268
2021,6,2401,기타음식점,137
2021,6,2402,뷔페.출장연회,28
2021,6,2501,제과.제빵,483
2021,6,2502,커피전문점,2238
2021,6,2503,아이스크림전문점,46
2021,6,2601,일반주점,702
2021,6,2602,주류전문점,11
2021,6,2604,기타주점,3
2021,6,3101,가전제품,85
2021,6,3102,정수기.비데,16
2021,6,3104,기타전자제품,23
2021,6,3201,컴퓨터및소프트웨어,127
2021,6,3202,통신기기,191
2021,6,3203,"철재,사무용가구",18
2021,6,3204,기타사무용기기,41
2021,6,3301,가구판매점,203
2021,6,3302,기타가정.주방용품,423
2021,6,3303,조명기구.전기,157
2021,6,3402,"보일러,펌프,샷시",151
2021,6,3403,기타건축자재,518
2021,6,3405,실내장식(인테리어),163
2021,6,3501,중고품판매점,63
2021,6,3503,기타장비임대,187
2021,6,3504,기타수리.수선전문,378
2021,6,3601,기타부동산관련업,20
2021,6,3602,부동산중개,4
2021,6,3801,웨딩토탈서비스,19
2021,6,3802,예식장,9
2021,6,3803,기타가례서비스,11
2021,6,4101,종합병원,15
2021,6,4102,일반병원,49
2021,6,4103,한방병원,10
2021,6,4104,요양병원,34
2021,6,4201,치과,545
2021,6,4202,내과,326
2021,6,4203,신경정신과,73
2021,6,4204,외과,46
2021,6,4205,성형외과,48
2021,6,4206,산부인과,51
2021,6,4207,안과,46
2021,6,4208,이비인후과,71
2021,6,4209,피부과,110
2021,6,4211,기타의료업,144
2021,6,4212,한의원,494
2021,6,4214,소아과,46
2021,6,4215,정형외과,120
2021,6,4401,의약품판매,14
2021,6,4402,약국,729
2021,6,4403,한약방,47
2021,6,4501,기타약품.의료기기,210
2021,6,4601,산후조리원,12
2021,6,5102,대형할인점,1
2021,6,5103,기타상설할인.아울렛,3
2021,6,5201,슈퍼마켓.마트,916
2021,6,5202,편의점,1370
2021,6,5203,소비조합(구내매점),21
2021,6,5204,농수축협직판장,43
2021,6,5205,농협식품전문점,18
2021,6,5206,체인스토어,74
2021,6,5301,기타,150
2021,6,5302,기타종합소매점,105
2021,6,5402,비료.사료.종자,39
2021,6,5501,인터넷상거래,2
2021,6,5602,통신.방문판매,190
2021,6,6101,호텔(특급),2
2021,6,6102,호텔(특급외),31
2021,6,6103,기타숙박업소,272
2021,6,6104,레저용숙박업소,3
2021,6,6201,여행사,7
2021,6,6203,"수집품,기념품",5
2021,6,6204,차량임대(렌터카),3
2021,6,6205,선물용품점,5
2021,6,6302,택시,1
2021,6,6308,기타승객운송업,1
2021,6,6404,오토바이,54
2021,6,6501,차량부품.용품,330
2021,6,6502,자동차정비,922
2021,6,6504,타이어판매점,114
2021,6,6601,주유소,233
2021,6,6602,주유소(LPG),46
2021,6,6603,기타연료판매,73
2021,6,6701,주차장.폐차장,146
2021,6,6702,세차장,210
2021,6,6703,차량견인서비스,3
2021,6,6705,고속도로통행카드,1
2021,6,7101,유치원,35
2021,6,7103,대학교.대학원,1
2021,6,7201,"입시학원,보습학원",839
2021,6,7202,외국어학원,196
2021,6,7204,무술도장 등(학원),405
2021,6,7205,예체능계열학원,555
2021,6,7210,자동차운전학원,10
2021,6,7211,기술.직업훈련학원,98
2021,6,7213,기타교육.교습.학원,1596
2021,6,7301,요양.보육.복지시설,64
2021,6,7303,교육및교구,35
2021,6,8101,서적(출판),209
2021,6,8102,"문구,사무용품",291
2021,6,8103,비디오.음반,4
2021,6,8104,악기판매점,40
2021,6,8105,"기타레저,스포츠용품",241
2021,6,8106,자전거,86
2021,6,8107,카메라.캠코더,6
2021,6,8109,예술품.골동품,13
2021,6,8110,화원.화초,569
2021,6,8111,"애완동물,용품(수족관)",269
2021,6,8112,기타상품판매점,381
2021,6,8113,사진관.현상소,204
2021,6,8114,점술업,6
2021,6,8115,동물병원,95
2021,6,8117,완구,36
2021,6,8119,화방.표구점,12
2021,6,8120,민예품.공예품,81
2021,6,8121,전문스포츠용품점,153
2021,6,8202,기타오락.휴식시설,77
2021,6,8203,영화.공연장,8
2021,6,8302,골프장,3
2021,6,8305,헬스클럽,193
2021,6,8308,당구장,292
2021,6,8309,골프연습장,194
2021,6,8310,기타취미.레저.스포츠,466
2021,6,8401,오락실/PC방,186
2021,6,8402,노래방,691
2021,6,8405,사우나.목욕탕.찜질방,58
2021,6,8406,기타대인서비스,54
2021,6,8501,기타요금,5
2021,6,8503,종합레저타운,11
2021,6,8603,안마시술소,4
2021,6,9207,공공편의서비스,72
2021,6,9301,이사/화물운송업,11
2021,6,9303,택배서비스,19
2021,6,9305,기타운송기구,5
2021,6,9306,창고보관업,6
2021,6,9402,판촉물.인쇄.복사,168
2021,6,9407,기계.장비(기타),49
2021,7,5102,대형할인점,2
2021,7,1101,양복점.한복점,61
2021,7,1104,아동.유아복,50
2021,7,1106,일반의류,1524
2021,7,1107,스포츠용품점,95
2021,7,1108,모피.무스탕,1
2021,7,1110,내의류,144
2021,7,1111,교복,19
2021,7,1112,의류관련(기타),10
2021,7,1201,커튼.카펫.수건,121
2021,7,1202,침구및수예품,218
2021,7,1301,세탁업,643
2021,7,1401,기타잡화,326
2021,7,1402,시계.귀금속,206
2021,7,1403,안경.광학제품,330
2021,7,1404,구두.신발,141
2021,7,1405,가방.핸드백,34
2021,7,1407,가발,22
2021,7,1501,화장품,756
2021,7,1503,미용재료,62
2021,7,1601,이발소,67
2021,7,1602,미용실(두발전문),2854
2021,7,1701,피부.체형미관리,846
2021,7,2102,"축산물,정육점",794
2021,7,2103,"수산물,건어물",372
2021,7,2104,"농산물,청과물",854
2021,7,2105,기타식음료품,1439
2021,7,2201,건강보조식품,299
2021,7,2202,인삼전문점,43
2021,7,2203,한국인삼공사,9
2021,7,2301,일반음식점,12204
2021,7,2302,중식전문점,574
2021,7,2303,일식전문점,460
2021,7,2305,서양식전문점,398
2021,7,2307,패스트푸드점,345
2021,7,2309,치킨전문점,1085
2021,7,2310,식음료(기타),272
2021,7,2401,기타음식점,133
2021,7,3101,가전제품,83
2021,7,3102,정수기.비데,20
2021,7,3104,기타전자제품,24
2021,7,3201,컴퓨터및소프트웨어,120
2021,7,3202,통신기기,186
2021,7,3203,"철재,사무용가구",11
2021,7,3204,기타사무용기기,38
2021,7,3301,가구판매점,191
2021,7,3302,기타가정.주방용품,404
2021,7,3303,조명기구.전기,164
2021,7,3402,"보일러,펌프,샷시",144
2021,7,3403,기타건축자재,499
2021,7,3405,실내장식(인테리어),144
2021,7,3501,중고품판매점,59
2021,7,3503,기타장비임대,187
2021,7,3504,기타수리.수선전문,390
2021,7,3601,기타부동산관련업,21
2021,7,3602,부동산중개,4
2021,7,3801,웨딩토탈서비스,15
2021,7,3802,예식장,9
2021,7,3803,기타가례서비스,5
2021,7,4101,종합병원,15
2021,7,4102,일반병원,50
2021,7,4103,한방병원,11
2021,7,4104,요양병원,34
2021,7,4201,치과,545
2021,7,4202,내과,329
2021,7,4203,신경정신과,75
2021,7,4204,외과,46
2021,7,4205,성형외과,48
2021,7,4206,산부인과,51
2021,7,4207,안과,46
2021,7,4208,이비인후과,71
2021,7,4209,피부과,110
2021,7,4211,기타의료업,143
2021,7,4212,한의원,496
2021,7,4214,소아과,46
2021,7,4215,정형외과,119
2021,7,4401,의약품판매,19
2021,7,4402,약국,731
2021,7,4403,한약방,45
2021,7,4501,기타약품.의료기기,212
2021,7,4601,산후조리원,12
2021,7,5103,기타상설할인.아울렛,3
2021,7,5201,슈퍼마켓.마트,923
2021,7,5202,편의점,1385
2021,7,5203,소비조합(구내매점),23
2021,7,5204,농수축협직판장,42
2021,7,5205,농협식품전문점,18
2021,7,5206,체인스토어,70
2021,7,5301,기타,129
2021,7,5302,기타종합소매점,103
2021,7,5402,비료.사료.종자,41
2021,7,5501,인터넷상거래,1
2021,7,5602,통신.방문판매,193
2021,7,6101,호텔(특급),2
2021,7,6102,호텔(특급외),33
2021,7,6103,기타숙박업소,283
2021,7,6104,레저용숙박업소,3
2021,7,6201,여행사,3
2021,7,6203,"수집품,기념품",5
2021,7,6204,차량임대(렌터카),3
2021,7,6205,선물용품점,5
2021,7,6404,오토바이,51
2021,7,6501,차량부품.용품,335
2021,7,6502,자동차정비,935
2021,7,6504,타이어판매점,111
2021,7,6601,주유소,235
2021,7,6602,주유소(LPG),48
2021,7,6603,기타연료판매,75
2021,7,6701,주차장.폐차장,154
2021,7,6702,세차장,218
2021,7,6703,차량견인서비스,3
2021,7,6705,고속도로통행카드,1
2021,7,7101,유치원,37
2021,7,7103,대학교.대학원,1
2021,7,7201,"입시학원,보습학원",852
2021,7,7202,외국어학원,199
2021,7,7204,무술도장 등(학원),405
2021,7,7205,예체능계열학원,559
2021,7,7210,자동차운전학원,12
2021,7,7211,기술.직업훈련학원,92
2021,7,7213,기타교육.교습.학원,1613
2021,7,7301,요양.보육.복지시설,70
2021,7,7303,교육및교구,34
2021,7,8101,서적(출판),202
2021,7,8102,"문구,사무용품",282
2021,7,8103,비디오.음반,4
2021,7,8104,악기판매점,34
2021,7,8105,"기타레저,스포츠용품",243
2021,7,8106,자전거,84
2021,7,8107,카메라.캠코더,5
2021,7,8109,예술품.골동품,14
2021,7,8110,화원.화초,559
2021,7,8111,"애완동물,용품(수족관)",277
2021,7,8112,기타상품판매점,381
2021,7,8113,사진관.현상소,203
2021,7,8114,점술업,3
2021,7,8115,동물병원,96
2021,7,8117,완구,31
2021,7,8118,총포류,1
2021,7,8119,화방.표구점,11
2021,7,8120,민예품.공예품,77
2021,7,8121,전문스포츠용품점,156
2021,7,8202,기타오락.휴식시설,83
2021,7,8203,영화.공연장,7
2021,7,8302,골프장,3
2021,7,8305,헬스클럽,197
2021,7,8308,당구장,288
2021,7,8309,골프연습장,194
2021,7,8310,기타취미.레저.스포츠,476
2021,7,8401,오락실/PC방,185
2021,7,8402,노래방,520
2021,7,8405,사우나.목욕탕.찜질방,53
2021,7,8406,기타대인서비스,52
2021,7,8501,기타요금,5
2021,7,8503,종합레저타운,11
2021,7,8603,안마시술소,4
2021,7,9207,공공편의서비스,72
2021,7,9301,이사/화물운송업,13
2021,7,9303,택배서비스,19
2021,7,9305,기타운송기구,4
2021,7,9306,창고보관업,6
2021,7,9402,판촉물.인쇄.복사,145
2021,7,9407,기계.장비(기타),49
2021,7,9502,법무전문서비스,14
2021,7,9503,세무전문서비스,21
2021,7,9504,광고기획.대행업,29
2021,7,9511,기타전문서비스,49
2021,7,9602,기타서비스,457
2021,7,9801,각종단체회비,19
2021,7,9906,종교시설 기부,11
2021,7,2604,기타주점,4
2021,7,2602,주류전문점,13
2021,7,2601,일반주점,676
2021,7,2503,아이스크림전문점,48
2021,7,2502,커피전문점,2284
2021,7,2501,제과.제빵,489
2021,7,2402,뷔페.출장연회,28
2021,8,1107,스포츠용품점,92
2021,8,1108,모피.무스탕,1
2021,8,1110,내의류,143
2021,8,1111,교복,19
2021,8,1112,의류관련(기타),11
2021,8,1201,커튼.카펫.수건,135
2021,8,1202,침구및수예품,210
2021,8,1301,세탁업,630
2021,8,1401,기타잡화,314
2021,8,1402,시계.귀금속,193
2021,8,9801,각종단체회비,14
2021,8,9906,종교시설 기부,11
2021,8,1403,안경.광학제품,327
2021,8,1404,구두.신발,131
2021,8,1405,가방.핸드백,32
2021,8,1407,가발,25
2021,8,1501,화장품,707
2021,8,1503,미용재료,70
2021,8,1601,이발소,62
2021,8,1602,미용실(두발전문),2889
2021,8,1701,피부.체형미관리,824
2021,8,2102,"축산물,정육점",801
2021,8,2103,"수산물,건어물",357
2021,8,2104,"농산물,청과물",857
2021,8,2105,기타식음료품,1434
2021,8,2201,건강보조식품,288
2021,8,2202,인삼전문점,43
2021,8,2203,한국인삼공사,9
2021,8,2301,일반음식점,12048
2021,8,2302,중식전문점,587
2021,8,2303,일식전문점,457
2021,8,2305,서양식전문점,395
2021,8,2307,패스트푸드점,346
2021,8,2309,치킨전문점,1092
2021,8,2310,식음료(기타),285
2021,8,2401,기타음식점,132
2021,8,2402,뷔페.출장연회,27
2021,8,2501,제과.제빵,499
2021,8,2502,커피전문점,2303
2021,8,2503,아이스크림전문점,48
2021,8,2601,일반주점,591
2021,8,2602,주류전문점,16
2021,8,2604,기타주점,4
2021,8,3101,가전제품,78
2021,8,3102,정수기.비데,15
2021,8,3104,기타전자제품,24
2021,8,3201,컴퓨터및소프트웨어,129
2021,8,3202,통신기기,178
2021,8,3203,"철재,사무용가구",12
2021,8,3204,기타사무용기기,29
2021,8,3301,가구판매점,181
2021,8,3302,기타가정.주방용품,387
2021,8,3303,조명기구.전기,152
2021,8,3402,"보일러,펌프,샷시",146
2021,8,3403,기타건축자재,474
2021,8,3405,실내장식(인테리어),138
2021,8,3501,중고품판매점,52
2021,8,3503,기타장비임대,192
2021,8,3504,기타수리.수선전문,342
2021,8,3601,기타부동산관련업,24
2021,8,3602,부동산중개,4
2021,8,3801,웨딩토탈서비스,18
2021,8,3802,예식장,9
2021,8,3803,기타가례서비스,7
2021,8,4101,종합병원,14
2021,8,4102,일반병원,48
2021,8,4103,한방병원,11
2021,8,4104,요양병원,35
2021,8,4201,치과,547
2021,8,4202,내과,329
2021,8,4203,신경정신과,74
2021,8,4204,외과,47
2021,8,4205,성형외과,48
2021,8,4206,산부인과,51
2021,8,4207,안과,44
2021,8,4208,이비인후과,71
2021,8,4209,피부과,111
2021,8,4211,기타의료업,142
2021,8,4212,한의원,497
2021,8,4214,소아과,46
2021,8,4215,정형외과,119
2021,8,4401,의약품판매,15
2021,8,4402,약국,735
2021,8,4403,한약방,43
2021,8,4501,기타약품.의료기기,187
2021,8,4601,산후조리원,13
2021,8,5101,백화점,1
2021,8,5102,대형할인점,6
2021,8,5103,기타상설할인.아울렛,3
2021,8,5201,슈퍼마켓.마트,924
2021,8,5202,편의점,1403
2021,8,5203,소비조합(구내매점),23
2021,8,5204,농수축협직판장,43
2021,8,5205,농협식품전문점,18
2021,8,5206,체인스토어,71
2021,8,5301,기타,118
2021,8,5302,기타종합소매점,99
2021,8,5402,비료.사료.종자,43
2021,8,5501,인터넷상거래,1
2021,8,5602,통신.방문판매,172
2021,8,6101,호텔(특급),2
2021,8,6102,호텔(특급외),34
2021,8,6103,기타숙박업소,265
2021,8,6104,레저용숙박업소,3
2021,8,6201,여행사,2
2021,8,6203,"수집품,기념품",5
2021,8,6204,차량임대(렌터카),4
2021,8,6205,선물용품점,4
2021,8,6404,오토바이,56
2021,8,6501,차량부품.용품,326
2021,8,6502,자동차정비,919
2021,8,6504,타이어판매점,109
2021,8,6601,주유소,234
2021,8,6602,주유소(LPG),47
2021,8,6603,기타연료판매,73
2021,8,6701,주차장.폐차장,157
2021,8,6702,세차장,213
2021,8,6703,차량견인서비스,4
2021,8,7101,유치원,26
2021,8,7103,대학교.대학원,2
2021,8,7201,"입시학원,보습학원",860
2021,8,7202,외국어학원,200
2021,8,7204,무술도장 등(학원),400
2021,8,7205,예체능계열학원,565
2021,8,7210,자동차운전학원,10
2021,8,7211,기술.직업훈련학원,93
2021,8,7213,기타교육.교습.학원,1625
2021,8,7301,요양.보육.복지시설,69
2021,8,7303,교육및교구,31
2021,8,8101,서적(출판),215
2021,8,8102,"문구,사무용품",277
2021,8,8103,비디오.음반,3
2021,8,8104,악기판매점,38
2021,8,8105,"기타레저,스포츠용품",219
2021,8,8106,자전거,85
2021,8,8107,카메라.캠코더,5
2021,8,8109,예술품.골동품,13
2021,8,8110,화원.화초,542
2021,8,8111,"애완동물,용품(수족관)",283
2021,8,8112,기타상품판매점,375
2021,8,8113,사진관.현상소,208
2021,8,8114,점술업,5
2021,8,8115,동물병원,99
2021,8,8117,완구,30
2021,8,8119,화방.표구점,9
2021,8,8120,민예품.공예품,75
2021,8,8121,전문스포츠용품점,149
2021,8,8202,기타오락.휴식시설,84
2021,8,8203,영화.공연장,6
2021,8,8302,골프장,4
2021,8,8305,헬스클럽,186
2021,8,8308,당구장,277
2021,8,8309,골프연습장,200
2021,8,8310,기타취미.레저.스포츠,449
2021,8,8401,오락실/PC방,183
2021,8,8402,노래방,163
2021,8,8405,사우나.목욕탕.찜질방,51
2021,8,8406,기타대인서비스,43
2021,8,8501,기타요금,5
2021,8,8503,종합레저타운,10
2021,8,8603,안마시술소,3
2021,8,9207,공공편의서비스,64
2021,8,9301,이사/화물운송업,13
2021,8,9303,택배서비스,19
2021,8,9305,기타운송기구,4
2021,8,9306,창고보관업,6
2021,8,9402,판촉물.인쇄.복사,133
2021,8,9407,기계.장비(기타),39
2021,8,9502,법무전문서비스,20
2021,8,9503,세무전문서비스,7
2021,8,9504,광고기획.대행업,20
2021,8,9511,기타전문서비스,50
2021,8,9602,기타서비스,441
2021,8,1104,아동.유아복,49
2021,8,1106,일반의류,1370
2021,8,1101,양복점.한복점,67
2021,9,8401,오락실/PC방,184
2021,9,9906,종교시설 기부,13
2021,9,9801,각종단체회비,15
2021,9,9407,기계.장비(기타),39
2021,9,9402,판촉물.인쇄.복사,163
2021,9,9306,창고보관업,6
2021,9,9305,기타운송기구,6
2021,9,9303,택배서비스,22
2021,9,9301,이사/화물운송업,14
2021,9,9602,기타서비스,466
2021,9,9511,기타전문서비스,53
2021,9,9504,광고기획.대행업,21
2021,9,9503,세무전문서비스,5
2021,9,1101,양복점.한복점,75
2021,9,1104,아동.유아복,53
2021,9,1106,일반의류,1521
2021,9,8402,노래방,521
2021,9,8405,사우나.목욕탕.찜질방,56
2021,9,8406,기타대인서비스,49
2021,9,8501,기타요금,5
2021,9,8503,종합레저타운,10
2021,9,8603,안마시술소,4
2021,9,1107,스포츠용품점,99
2021,9,1108,모피.무스탕,1
2021,9,1110,내의류,141
2021,9,1111,교복,22
2021,9,1112,의류관련(기타),10
2021,9,1201,커튼.카펫.수건,141
2021,9,1202,침구및수예품,228
2021,9,1301,세탁업,651
2021,9,1401,기타잡화,347
2021,9,1402,시계.귀금속,209
2021,9,1403,안경.광학제품,340
2021,9,1404,구두.신발,142
2021,9,1405,가방.핸드백,38
2021,9,1407,가발,28
2021,9,1501,화장품,790
2021,9,1503,미용재료,70
2021,9,1601,이발소,66
2021,9,1602,미용실(두발전문),2921
2021,9,1701,피부.체형미관리,885
2021,9,2102,"축산물,정육점",821
2021,9,2103,"수산물,건어물",395
2021,9,2104,"농산물,청과물",905
2021,9,2105,기타식음료품,1521
2021,9,2201,건강보조식품,325
2021,9,2202,인삼전문점,47
2021,9,2203,한국인삼공사,9
2021,9,2301,일반음식점,12297
2021,9,2302,중식전문점,597
2021,9,2303,일식전문점,469
2021,9,2305,서양식전문점,409
2021,9,2307,패스트푸드점,345
2021,9,2309,치킨전문점,1093
2021,9,2310,식음료(기타),300
2021,9,2401,기타음식점,135
2021,9,2402,뷔페.출장연회,25
2021,9,2501,제과.제빵,500
2021,9,2502,커피전문점,2352
2021,9,2503,아이스크림전문점,48
2021,9,2601,일반주점,658
2021,9,2602,주류전문점,26
2021,9,2604,기타주점,3
2021,9,3101,가전제품,89
2021,9,3102,정수기.비데,19
2021,9,3104,기타전자제품,14
2021,9,3201,컴퓨터및소프트웨어,128
2021,9,3202,통신기기,194
2021,9,3203,"철재,사무용가구",15
2021,9,3204,기타사무용기기,35
2021,9,3301,가구판매점,190
2021,9,3302,기타가정.주방용품,435
2021,9,3303,조명기구.전기,154
2021,9,3402,"보일러,펌프,샷시",143
2021,9,3403,기타건축자재,494
2021,9,3405,실내장식(인테리어),163
2021,9,3501,중고품판매점,60
2021,9,3503,기타장비임대,191
2021,9,3504,기타수리.수선전문,363
2021,9,3601,기타부동산관련업,27
2021,9,3602,부동산중개,3
2021,9,3801,웨딩토탈서비스,17
2021,9,3802,예식장,9
2021,9,3803,기타가례서비스,8
2021,9,4101,종합병원,14
2021,9,4102,일반병원,48
2021,9,4103,한방병원,11
2021,9,9502,법무전문서비스,17
2021,9,4104,요양병원,34
2021,9,4201,치과,548
2021,9,4202,내과,333
2021,9,4203,신경정신과,74
2021,9,4204,외과,47
2021,9,4205,성형외과,47
2021,9,4206,산부인과,51
2021,9,4207,안과,46
2021,9,4208,이비인후과,71
2021,9,4209,피부과,113
2021,9,4211,기타의료업,143
2021,9,4212,한의원,502
2021,9,4214,소아과,47
2021,9,4215,정형외과,119
2021,9,4401,의약품판매,16
2021,9,9207,공공편의서비스,72
2021,9,4402,약국,737
2021,9,4403,한약방,51
2021,9,4501,기타약품.의료기기,205
2021,9,4601,산후조리원,13
2021,9,5102,대형할인점,1
2021,9,5103,기타상설할인.아울렛,3
2021,9,5201,슈퍼마켓.마트,929
2021,9,5202,편의점,1438
2021,9,5203,소비조합(구내매점),22
2021,9,5204,농수축협직판장,43
2021,9,5205,농협식품전문점,20
2021,9,5206,체인스토어,73
2021,9,5301,기타,143
2021,9,5302,기타종합소매점,99
2021,9,5402,비료.사료.종자,41
2021,9,5501,인터넷상거래,1
2021,9,5602,통신.방문판매,197
2021,9,6101,호텔(특급),2
2021,9,6102,호텔(특급외),34
2021,9,6103,기타숙박업소,300
2021,9,6104,레저용숙박업소,3
2021,9,6201,여행사,3
2021,9,6203,"수집품,기념품",4
2021,9,6204,차량임대(렌터카),2
2021,9,6205,선물용품점,5
2021,9,6404,오토바이,56
2021,9,6501,차량부품.용품,339
2021,9,6502,자동차정비,938
2021,9,6504,타이어판매점,116
2021,9,6601,주유소,236
2021,9,6602,주유소(LPG),47
2021,9,6603,기타연료판매,83
2021,9,6701,주차장.폐차장,154
2021,9,6702,세차장,231
2021,9,6703,차량견인서비스,2
2021,9,7101,유치원,34
2021,9,7103,대학교.대학원,2
2021,9,7201,"입시학원,보습학원",861
2021,9,7202,외국어학원,202
2021,9,7204,무술도장 등(학원),406
2021,9,7205,예체능계열학원,567
2021,9,7210,자동차운전학원,11
2021,9,7211,기술.직업훈련학원,97
2021,9,7213,기타교육.교습.학원,1662
2021,9,7301,요양.보육.복지시설,70
2021,9,7303,교육및교구,35
2021,9,8101,서적(출판),219
2021,9,8102,"문구,사무용품",283
2021,9,8103,비디오.음반,3
2021,9,8104,악기판매점,42
2021,9,8105,"기타레저,스포츠용품",239
2021,9,8106,자전거,88
2021,9,8107,카메라.캠코더,5
2021,9,8109,예술품.골동품,16
2021,9,8110,화원.화초,558
2021,9,8111,"애완동물,용품(수족관)",292
2021,9,8112,기타상품판매점,388
2021,9,8113,사진관.현상소,215
2021,9,8114,점술업,3
2021,9,8115,동물병원,98
2021,9,8117,완구,30
2021,9,8118,총포류,1
2021,9,8119,화방.표구점,10
2021,9,8120,민예품.공예품,77
2021,9,8121,전문스포츠용품점,157
2021,9,8202,기타오락.휴식시설,92
2021,9,8203,영화.공연장,9
2021,9,8302,골프장,3
2021,9,8305,헬스클럽,202
2021,9,8308,당구장,301
2021,9,8309,골프연습장,203
2021,9,8310,기타취미.레저.스포츠,489
